election_id,prefecture,district_no,deposit_forfeit_point,source_page
r08-02-08,北海道,1,25824.200,102
r08-02-08,北海道,2,23874.400,102
r08-02-08,北海道,3,24603.600,102
r08-02-08,北海道,4,22322.800,102
r08-02-08,北海道,5,24907.300,102
r08-02-08,北海道,6,21620.800,102
r08-02-08,北海道,7,13592.400,102
r08-02-08,北海道,8,19575.500,103
r08-02-08,北海道,9,20408.900,103
r08-02-08,北海道,10,14979.500,103
r08-02-08,北海道,11,17158.300,103
r08-02-08,北海道,12,15711.900,103
r08-02-08,青森県,1,14159.800,103
r08-02-08,青森県,2,19156.000,103
r08-02-08,青森県,3,15972.100,103
r08-02-08,岩手県,1,16578.100,104
r08-02-08,岩手県,2,19100.500,104
r08-02-08,岩手県,3,21114.000,104
r08-02-08,宮城県,1,24474.800,104
r08-02-08,宮城県,2,24477.600,104
r08-02-08,宮城県,3,15298.100,104
r08-02-08,宮城県,4,21741.500,104
r08-02-08,宮城県,5,17848.300,105
r08-02-08,秋田県,1,14184.900,105
r08-02-08,秋田県,2,12801.800,105
r08-02-08,秋田県,3,17263.600,105
r08-02-08,山形県,1,17319.800,105
r08-02-08,山形県,2,18223.500,105
r08-02-08,山形県,3,15590.400,105
r08-02-08,福島県,1,22001.500,106
r08-02-08,福島県,2,24791.400,106
r08-02-08,福島県,3,18874.400,106
r08-02-08,福島県,4,20426.000,106
r08-02-08,茨城県,1,21044.200,106
r08-02-08,茨城県,2,13755.600,106
r08-02-08,茨城県,3,20126.200,106
r08-02-08,茨城県,4,12789.600,107
r08-02-08,茨城県,5,11657.900,107
r08-02-08,茨城県,6,24855.900,107
r08-02-08,茨城県,7,16163.000,107
r08-02-08,栃木県,1,21028.500,107
r08-02-08,栃木県,2,12863.700,107
r08-02-08,栃木県,3,13306.900,107
r08-02-08,栃木県,4,18643.200,108
r08-02-08,栃木県,5,16239.700,108
r08-02-08,群馬県,1,16760.200,108
r08-02-08,群馬県,2,15959.500,108
r08-02-08,群馬県,3,15648.700,108
r08-02-08,群馬県,4,15902.700,108
r08-02-08,群馬県,5,15654.300,108
r08-02-08,埼玉県,1,21742.600,109
r08-02-08,埼玉県,2,17999.200,109
r08-02-08,埼玉県,3,18456.600,109
r08-02-08,埼玉県,4,20846.700,109
r08-02-08,埼玉県,5,22140.600,109
r08-02-08,埼玉県,6,22215.500,109
r08-02-08,埼玉県,7,18790.300,109
r08-02-08,埼玉県,8,22628.200,110
r08-02-08,埼玉県,9,20386.700,110
r08-02-08,埼玉県,10,17333.200,110
r08-02-08,埼玉県,11,16632.600,110
r08-02-08,埼玉県,12,18348.500,110
r08-02-08,埼玉県,13,19314.900,110
r08-02-08,埼玉県,14,19042.300,110
r08-02-08,埼玉県,15,21853.200,110
r08-02-08,埼玉県,16,17591.800,111
r08-02-08,千葉県,1,23436.300,111
r08-02-08,千葉県,2,15998.700,111
r08-02-08,千葉県,3,16671.700,111
r08-02-08,千葉県,4,22045.900,111
r08-02-08,千葉県,5,23338.900,111
r08-02-08,千葉県,6,22160.500,112
r08-02-08,千葉県,7,15678.600,112
r08-02-08,千葉県,8,19422.200,112
r08-02-08,千葉県,9,20164.800,112
r08-02-08,千葉県,10,15611.500,112
r08-02-08,千葉県,11,16718.700,112
r08-02-08,千葉県,12,18186.800,112
r08-02-08,千葉県,13,22612.800,113
r08-02-08,千葉県,14,22081.300,113
r08-02-08,東京都,1,19216.600,113
r08-02-08,東京都,2,19570.200,113
r08-02-08,東京都,3,21849.500,113
r08-02-08,東京都,4,23090.800,113
r08-02-08,東京都,5,22808.000,114
r08-02-08,東京都,6,23864.900,114
r08-02-08,東京都,7,23332.400,114
r08-02-08,東京都,8,24391.100,114
r08-02-08,東京都,9,18341.000,114
r08-02-08,東京都,10,25695.800,115
r08-02-08,東京都,11,21938.500,115
r08-02-08,東京都,12,22485.700,115
r08-02-08,東京都,13,20321.200,115
r08-02-08,東京都,14,21878.300,115
r08-02-08,東京都,15,25768.600,116
r08-02-08,東京都,16,20808.500,116
r08-02-08,東京都,17,20242.700,116
r08-02-08,東京都,18,24605.300,116
r08-02-08,東京都,19,20430.700,116
r08-02-08,東京都,20,22447.000,117
r08-02-08,東京都,21,22882.000,117
r08-02-08,東京都,22,25788.000,117
r08-02-08,東京都,23,20351.600,117
r08-02-08,東京都,24,20896.800,117
r08-02-08,東京都,25,21712.800,117
r08-02-08,東京都,26,26619.600,118
r08-02-08,東京都,27,22346.800,118
r08-02-08,東京都,28,18842.300,118
r08-02-08,東京都,29,19473.600,118
r08-02-08,東京都,30,24462.500,118
r08-02-08,神奈川県,1,22946.200,119
r08-02-08,神奈川県,2,23555.800,119
r08-02-08,神奈川県,3,23983.600,119
r08-02-08,神奈川県,4,19754.800,119
r08-02-08,神奈川県,5,20063.100,119
r08-02-08,神奈川県,6,19892.300,119
r08-02-08,神奈川県,7,17298.800,119
r08-02-08,神奈川県,8,23838.800,120
r08-02-08,神奈川県,9,18774.100,120
r08-02-08,神奈川県,10,16621.600,120
r08-02-08,神奈川県,11,18751.900,120
r08-02-08,神奈川県,12,21943.500,120
r08-02-08,神奈川県,13,19623.300,120
r08-02-08,神奈川県,14,20641.100,120
r08-02-08,神奈川県,15,22640.400,121
r08-02-08,神奈川県,16,20044.800,121
r08-02-08,神奈川県,17,22105.100,121
r08-02-08,神奈川県,18,23655.500,121
r08-02-08,神奈川県,19,20521.500,121
r08-02-08,神奈川県,20,18426.500,121
r08-02-08,新潟県,1,19790.300,121
r08-02-08,新潟県,2,22827.900,122
r08-02-08,新潟県,3,21232.100,122
r08-02-08,新潟県,4,20002.900,122
r08-02-08,新潟県,5,19999.400,122
r08-02-08,富山県,1,12913.500,122
r08-02-08,富山県,2,11894.300,122
r08-02-08,富山県,3,19261.300,122
r08-02-08,石川県,1,18613.700,123
r08-02-08,石川県,2,16728.400,123
r08-02-08,石川県,3,14077.800,123
r08-02-08,福井県,1,19395.100,123
r08-02-08,福井県,2,13134.400,123
r08-02-08,山梨県,1,24484.700,123
r08-02-08,山梨県,2,13306.700,123
r08-02-08,長野県,1,23492.500,123
r08-02-08,長野県,2,22271.300,124
r08-02-08,長野県,3,23146.900,124
r08-02-08,長野県,4,13400.400,124
r08-02-08,長野県,5,16545.900,124
r08-02-08,岐阜県,1,16171.000,124
r08-02-08,岐阜県,2,16095.300,124
r08-02-08,岐阜県,3,22144.300,124
r08-02-08,岐阜県,4,20341.600,125
r08-02-08,岐阜県,5,15968.900,125
r08-02-08,静岡県,1,20849.400,125
r08-02-08,静岡県,2,21392.700,125
r08-02-08,静岡県,3,22751.300,125
r08-02-08,静岡県,4,16982.000,125
r08-02-08,静岡県,5,22529.500,125
r08-02-08,静岡県,6,23052.700,126
r08-02-08,静岡県,7,19114.400,126
r08-02-08,静岡県,8,22862.700,126
r08-02-08,愛知県,1,22180.400,126
r08-02-08,愛知県,2,22509.300,126
r08-02-08,愛知県,3,24101.000,126
r08-02-08,愛知県,4,18999.200,126
r08-02-08,愛知県,5,17669.000,127
r08-02-08,愛知県,6,20169.800,127
r08-02-08,愛知県,7,21766.900,127
r08-02-08,愛知県,8,24801.700,127
r08-02-08,愛知県,9,20695.200,127
r08-02-08,愛知県,10,19154.000,128
r08-02-08,愛知県,11,24415.000,128
r08-02-08,愛知県,12,27326.700,128
r08-02-08,愛知県,13,25925.300,128
r08-02-08,愛知県,14,17703.300,128
r08-02-08,愛知県,15,20212.700,128
r08-02-08,愛知県,16,22325.500,128
r08-02-08,三重県,1,18824.700,129
r08-02-08,三重県,2,22388.000,129
r08-02-08,三重県,3,23604.700,129
r08-02-08,三重県,4,16058.000,129
r08-02-08,滋賀県,1,18169.300,129
r08-02-08,滋賀県,2,23588.300,129
r08-02-08,滋賀県,3,22393.000,129
r08-02-08,京都府,1,21114.400,130
r08-02-08,京都府,2,13853.200,130
r08-02-08,京都府,3,18704.400,130
r08-02-08,京都府,4,19283.900,130
r08-02-08,京都府,5,11022.800,130
r08-02-08,京都府,6,25940.900,131
r08-02-08,大阪府,1,23216.200,131
r08-02-08,大阪府,2,22184.000,131
r08-02-08,大阪府,3,18699.400,131
r08-02-08,大阪府,4,23473.900,131
r08-02-08,大阪府,5,21968.300,131
r08-02-08,大阪府,6,20547.400,132
r08-02-08,大阪府,7,22543.000,132
r08-02-08,大阪府,8,24148.200,132
r08-02-08,大阪府,9,21195.600,132
r08-02-08,大阪府,10,19207.400,132
r08-02-08,大阪府,11,22984.800,132
r08-02-08,大阪府,12,17700.000,133
r08-02-08,大阪府,13,20444.200,133
r08-02-08,大阪府,14,20955.700,133
r08-02-08,大阪府,15,19255.500,133
r08-02-08,大阪府,16,17716.200,133
r08-02-08,大阪府,17,15992.100,133
r08-02-08,大阪府,18,20874.300,134
r08-02-08,大阪府,19,15824.000,134
r08-02-08,兵庫県,1,21885.400,134
r08-02-08,兵庫県,2,18436.000,134
r08-02-08,兵庫県,3,15951.700,134
r08-02-08,兵庫県,4,21281.200,134
r08-02-08,兵庫県,5,20984.100,135
r08-02-08,兵庫県,6,25119.400,135
r08-02-08,兵庫県,7,26454.300,135
r08-02-08,兵庫県,8,19851.500,135
r08-02-08,兵庫県,9,20000.700,135
r08-02-08,兵庫県,10,18347.700,135
r08-02-08,兵庫県,11,19789.600,136
r08-02-08,兵庫県,12,14877.400,136
r08-02-08,奈良県,1,24633.600,136
r08-02-08,奈良県,2,22262.900,136
r08-02-08,奈良県,3,19097.100,136
r08-02-08,和歌山県,1,20722.700,136
r08-02-08,和歌山県,2,19746.600,137
r08-02-08,鳥取県,1,9801.200,137
r08-02-08,鳥取県,2,10873.000,137
r08-02-08,島根県,1,13232.400,137
r08-02-08,島根県,2,15936.600,137
r08-02-08,岡山県,1,17001.600,137
r08-02-08,岡山県,2,21378.500,137
r08-02-08,岡山県,3,20434.000,138
r08-02-08,岡山県,4,20592.300,138
r08-02-08,広島県,1,19259.200,138
r08-02-08,広島県,2,18327.600,138
r08-02-08,広島県,3,19538.300,138
r08-02-08,広島県,4,19049.700,138
r08-02-08,広島県,5,15509.000,139
r08-02-08,広島県,6,17880.100,139
r08-02-08,山口県,1,19582.400,139
r08-02-08,山口県,2,21315.000,139
r08-02-08,山口県,3,18152.900,139
r08-02-08,徳島県,1,18459.400,139
r08-02-08,徳島県,2,13381.800,139
r08-02-08,香川県,1,17014.200,140
r08-02-08,香川県,2,13810.400,140
r08-02-08,香川県,3,12101.200,140
r08-02-08,愛媛県,1,21156.100,140
r08-02-08,愛媛県,2,21118.600,140
r08-02-08,愛媛県,3,16848.600,140
r08-02-08,高知県,1,15402.200,140
r08-02-08,高知県,2,14758.000,141
r08-02-08,福岡県,1,22137.300,141
r08-02-08,福岡県,2,25442.600,141
r08-02-08,福岡県,3,24519.200,141
r08-02-08,福岡県,4,20614.500,141
r08-02-08,福岡県,5,25064.800,141
r08-02-08,福岡県,6,18098.900,141
r08-02-08,福岡県,7,14172.400,142
r08-02-08,福岡県,8,16544.400,142
r08-02-08,福岡県,9,19409.900,142
r08-02-08,福岡県,10,20313.500,142
r08-02-08,福岡県,11,13968.900,142
r08-02-08,佐賀県,1,18447.700,142
r08-02-08,佐賀県,2,19150.500,142
r08-02-08,長崎県,1,17907.300,143
r08-02-08,長崎県,2,22518.300,143
r08-02-08,長崎県,3,18494.300,143
r08-02-08,熊本県,1,22789.300,143
r08-02-08,熊本県,2,16176.700,143
r08-02-08,熊本県,3,17566.300,143
r08-02-08,熊本県,4,21394.200,143
r08-02-08,大分県,1,21191.200,143
r08-02-08,大分県,2,14489.900,144
r08-02-08,大分県,3,16766.000,144
r08-02-08,宮崎県,1,17943.100,144
r08-02-08,宮崎県,2,14594.900,144
r08-02-08,宮崎県,3,12301.600,144
r08-02-08,鹿児島県,1,18088.200,144
r08-02-08,鹿児島県,2,16850.900,144
r08-02-08,鹿児島県,3,17430.000,145
r08-02-08,鹿児島県,4,16434.300,145
r08-02-08,沖縄県,1,13909.700,145
r08-02-08,沖縄県,2,16435.500,145
r08-02-08,沖縄県,3,16805.900,145
r08-02-08,沖縄県,4,15363.500,145
