election_id,prefecture,district_no,order_in_district,elected,result_mark,name_display,name_kanji,name_kana,age,gender,party_raw,party,party_is_certified,status,occupation,votes,dual_candidacy,sekihai_rate,sekihai_excluded,source_page
h29-10-22,北海道,1,1,false,落,船橋利実,,ふなはしとしみつ,56,男,自由民主党,自由民主党,true,元,自由民主党北海道第一選挙区支部長,120987,true,86.972,false,91
h29-10-22,北海道,1,2,true,当,道下大樹,,みちしただいき,41,男,立憲民主党,立憲民主党,true,新,会社役員,139110,true,100.000,false,91
h29-10-22,北海道,2,1,false,落,松木けんこう,松木謙公,まつき,58,男,希望の党,希望の党,true,前,株式会社北海道通信社取締役副社長,74425,true,70.999,false,91
h29-10-22,北海道,2,2,false,落,こわだ康文,小和田康文,やすふみ,47,男,日本維新の会,日本維新の会,true,新,行政書士,21643,true,,true,91
h29-10-22,北海道,2,3,false,落,金倉まさとし,金倉昌俊,かなくら,43,男,日本共産党,日本共産党,true,新,日本共産党北海道委員会副委員長,52626,true,50.204,false,91
h29-10-22,北海道,2,4,true,当,よしかわ貴盛,吉川貴盛,たかもり,67,男,自由民主党,自由民主党,true,前,自由民主党北海道第二選挙区支部長,104824,true,100.000,false,91
h29-10-22,北海道,3,1,true,当,荒井さとし,荒井聰,あらい,71,男,立憲民主党,立憲民主党,true,前,法人役員,141680,true,100.000,false,91
h29-10-22,北海道,3,2,false,落,高木ひろひさ,高木宏壽,たかぎ,57,男,自由民主党,自由民主党,true,前,選挙区支部長,118961,true,83.964,false,91
h29-10-22,北海道,4,1,false,落,本多平直,,ほんだひらなお,52,男,立憲民主党,立憲民主党,true,元,民進党北海道第４区総支部代表,90619,true,87.088,false,91
h29-10-22,北海道,4,2,true,当,中村ひろゆき,中村裕之,なかむら,56,男,自由民主党,自由民主党,true,前,選挙区支部長,104054,true,100.000,false,91
h29-10-22,北海道,4,3,false,落,高橋みほ,高橋美穂,たかはし,52,女,希望の党,希望の党,true,元,行政書士,31941,true,30.696,false,91
h29-10-22,北海道,5,1,false,落,池田まき,池田真紀,いけだ,45,女,立憲民主党,立憲民主党,true,新,社会福祉士,135948,true,95.277,false,91
h29-10-22,北海道,5,2,false,落,森山よしのり,森山佳則,もりやま,50,男,（幸福実現党）,幸福実現党,false,新,団体職員,7632,false,,false,91
h29-10-22,北海道,5,3,true,当,和田よしあき,和田義明,わだ,46,男,自由民主党,自由民主党,true,前,選挙区支部長,142687,true,100.000,false,91
h29-10-22,北海道,6,1,false,落,今津ひろし,今津寛,いまず,71,男,自由民主党,自由民主党,true,前,自由民主党北海道第６選挙区支部長,113851,true,83.522,false,91
h29-10-22,北海道,6,2,true,当,ささき隆博,佐々木隆博,たかひろ,68,男,立憲民主党,立憲民主党,true,前,農業,136312,false,,false,91
h29-10-22,北海道,7,1,true,当,伊東よしたか,伊東良孝,いとう,68,男,自由民主党,自由民主党,true,前,自由民主党北海道第七選挙区支部支部長,95200,true,100.000,false,91
h29-10-22,北海道,7,2,false,落,石川明美,,いしかわあけみ,66,男,日本共産党,日本共産党,true,新,政党役員,47740,false,,false,91
h29-10-22,北海道,8,1,true,当,おおさか誠二,坂誠二,せいじ,58,男,（無所属）,無所属,false,前,無職,125771,false,,false,91
h29-10-22,北海道,8,2,false,落,前田一男,,まえだかずお,51,男,自由民主党,自由民主党,true,前,選挙区支部長,101243,true,80.497,false,91
h29-10-22,北海道,9,1,false,落,山岡達丸,,やまおかたつまる,38,男,希望の党,希望の党,true,元,政党役員,88320,true,81.216,false,91
h29-10-22,北海道,9,2,true,当,ほりい学,堀井学,まなぶ,45,男,自由民主党,自由民主党,true,前,自由民主党北海道第九選挙区支部長,108747,true,100.000,false,91
h29-10-22,北海道,9,3,false,落,松橋ちはる,松橋千春,まつはし,35,女,日本共産党,日本共産党,true,新,日本共産党９区国政・道政対策委員長,35543,false,,false,91
h29-10-22,北海道,10,1,true,当,いなつ久,稲津久,ひさし,59,男,公明党,公明党,true,前,政党役員,96795,false,,false,92
h29-10-22,北海道,10,2,false,落,神谷ひろし,神谷裕,かみや,49,男,立憲民主党,立憲民主党,true,新,政党役員,96282,true,99.470,false,92
h29-10-22,北海道,11,1,true,当,石川かおり,石川香織,いしかわ,33,女,立憲民主党,立憲民主党,true,新,無職,98214,true,100.000,false,92
h29-10-22,北海道,11,2,false,落,中川ゆうこ,中川郁子,なかがわ,58,女,自由民主党,自由民主党,true,前,自由民主党北海道第十一選挙区支部長,82096,true,83.588,false,92
h29-10-22,北海道,12,1,true,当,武部あらた,武部新,たけべ,47,男,自由民主党,自由民主党,true,前,選挙区支部長,97113,true,100.000,false,92
h29-10-22,北海道,12,2,false,落,水上みか,水上美華,みずかみ,35,女,希望の党,希望の党,true,新,政党役員,58422,true,60.158,false,92
h29-10-22,北海道,12,3,false,落,菅原まこと,菅原誠,すがわら,44,男,日本共産党,日本共産党,true,新,党北見地区委員長,23830,false,,false,92
h29-10-22,青森県,1,1,true,当,つしま淳,津島淳,じゅん,51,男,自由民主党,自由民主党,true,前,選挙区支部長,103177,true,100.000,false,92
h29-10-22,青森県,1,2,false,落,赤平ゆうと,赤平勇人,あかひら,27,男,日本共産党,日本共産党,true,新,政党役員,20497,false,,false,92
h29-10-22,青森県,1,3,false,落,ますた世喜男,升田世喜男,せきお,60,男,希望の党,希望の党,true,前,希望の党幹事,64173,true,62.197,false,92
h29-10-22,青森県,2,1,false,落,工藤たけし,工藤武司,くどう,45,男,希望の党,希望の党,true,新,政党役員,56011,true,41.941,false,92
h29-10-22,青森県,2,2,false,落,奥本なおみ,奥本菜保巳,おくもと,57,女,日本共産党,日本共産党,true,新,政党役員,19004,false,,false,92
h29-10-22,青森県,2,3,true,当,大島理森,,おおしまただもり,71,男,自由民主党,自由民主党,true,前,農業,133545,true,100.000,false,92
h29-10-22,青森県,3,1,false,落,三国ゆうき,三國佑貴,みくに,32,男,（幸福実現党）,幸福実現党,false,新,団体役員,4115,false,,false,92
h29-10-22,青森県,3,2,true,当,木村次郎,,きむらじろう,49,男,自由民主党,自由民主党,true,新,無職,128740,true,100.000,false,92
h29-10-22,青森県,3,3,false,落,山内たかし,山内崇,やまうち,62,男,希望の党,希望の党,true,新,無職,51096,true,39.689,false,92
h29-10-22,青森県,3,4,false,落,高柳ひろあき,高柳博明,たかやなぎ,47,男,日本共産党,日本共産党,true,新,政党役員,16510,false,,false,92
h29-10-22,岩手県,1,1,false,落,高橋ひなこ,横田比奈子,たかはし,59,女,自由民主党,自由民主党,true,前,選挙区支部長,57381,true,65.552,false,92
h29-10-22,岩手県,1,2,false,落,吉田恭子,,よしだきょうこ,36,女,日本共産党,日本共産党,true,新,政党役員,21549,true,24.617,false,92
h29-10-22,岩手県,1,3,true,当,しなたけし,階猛,,51,男,希望の党,希望の党,true,前,政党役員,87534,true,100.000,false,92
h29-10-22,岩手県,2,1,false,落,畑こうじ,畑浩治,はた,54,男,希望の党,希望の党,true,元,団体役員,98842,true,76.100,false,92
h29-10-22,岩手県,2,2,true,当,すずき俊一,鈴木俊一,しゅんいち,64,男,自由民主党,自由民主党,true,前,選挙区支部長,129884,true,100.000,false,92
h29-10-22,岩手県,3,1,true,当,小沢一郎,,おざわいちろう,75,男,（無所属）,無所属,false,前,政党役員,130229,false,,false,92
h29-10-22,岩手県,3,2,false,落,藤原たかし,藤原崇,ふじわら,34,男,自由民主党,自由民主党,true,前,選挙区支部長,96571,true,74.154,false,93
h29-10-22,宮城県,1,1,true,当,土井とおる,土井亨,どい,59,男,自由民主党,自由民主党,true,前,自由民主党宮城県第一選挙区支部長,100123,true,100.000,false,93
h29-10-22,宮城県,1,2,false,落,岡本あき子,山下章子,おかもとこ,53,女,立憲民主党,立憲民主党,true,新,政党役員,78704,true,78.607,false,93
h29-10-22,宮城県,1,3,false,落,畠山まさき,畠山昌樹,はたけやま,43,男,日本維新の会,日本維新の会,true,新,医師,10001,true,,true,93
h29-10-22,宮城県,1,4,false,落,伊藤ゆうた,伊優太,いとう,32,男,希望の党,希望の党,true,新,政党役員,24047,true,24.017,false,93
h29-10-22,宮城県,1,5,false,落,油井てつし,油井哲史,ゆい,37,男,（幸福実現党）,幸福実現党,false,新,団体職員,2413,false,,false,93
h29-10-22,宮城県,1,6,false,落,今留尚人,留尚人,いまどめなおと,52,男,（無所属）,無所属,false,新,医師,1547,false,,false,93
h29-10-22,宮城県,2,1,true,当,秋葉けんや,秋葉賢也,あきば,55,男,自由民主党,自由民主党,true,前,自由民主党宮城県第二選挙区支部長,111559,true,100.000,false,93
h29-10-22,宮城県,2,2,false,落,鎌田さゆり,,かまた,52,女,（無所属）,無所属,false,元,政党役員,110243,false,,false,93
h29-10-22,宮城県,3,1,false,落,いちじょう芳弘,一條芳弘,よしひろ,44,男,希望の党,希望の党,true,新,政党役員,40670,true,43.781,false,93
h29-10-22,宮城県,3,2,false,落,吉田ごう,庄司剛,よしだ,35,男,日本共産党,日本共産党,true,新,政党役員,20469,false,,false,93
h29-10-22,宮城県,3,3,true,当,西村あきひろ,西村明宏,にしむら,57,男,自由民主党,自由民主党,true,前,自由民主党宮城県第三選挙区支部長,92893,true,100.000,false,93
h29-10-22,宮城県,4,1,true,当,いとう信太郎,伊藤信太郎,しんたろう,64,男,自由民主党,自由民主党,true,前,選挙区支部長,73298,true,100.000,false,93
h29-10-22,宮城県,4,2,false,落,坂東たけひこ,坂東毅彦,ばんどう,58,男,希望の党,希望の党,true,新,医師,34424,true,46.964,false,93
h29-10-22,宮城県,4,3,false,落,たかむら直也,高村直也,なおや,34,男,日本共産党,日本共産党,true,新,政党役員,17688,false,,false,93
h29-10-22,宮城県,5,1,false,落,かつぬま栄明,勝沼栄明,しげあき,42,男,自由民主党,自由民主党,true,前,医師,50496,true,56.468,false,93
h29-10-22,宮城県,5,2,true,当,安住淳,,あずみじゅん,55,男,（無所属）,無所属,false,前,政党役員,89423,false,,false,93
h29-10-22,宮城県,6,1,true,当,小野寺五典,,おのでらいつのり,57,男,自由民主党,自由民主党,true,前,防衛大臣,123871,true,100.000,false,93
h29-10-22,宮城県,6,2,false,落,横田有史,,よこたゆうし,73,男,日本共産党,日本共産党,true,新,政党役員,20638,false,,false,93
h29-10-22,秋田県,1,1,true,当,とがし博之,冨樫博之,ひろゆき,62,男,自由民主党,自由民主党,true,前,選挙区支部長,79442,true,100.000,false,93
h29-10-22,秋田県,1,2,false,落,松浦ダイゴ,松浦大悟,まつうら,48,男,希望の党,希望の党,true,新,無職,53850.607,true,67.786,false,93
h29-10-22,秋田県,1,3,false,落,さいとう大悟,齊藤大悟,だいご,38,男,日本共産党,日本共産党,true,新,政党役員,14584.392,false,,false,93
h29-10-22,秋田県,2,1,true,当,かねだ勝年,金田勝年,かつとし,68,男,自由民主党,自由民主党,true,前,選挙区支部長,74835,true,100.000,false,93
h29-10-22,秋田県,2,2,false,落,藤本ゆり,藤本友里,ふじもと,38,女,日本共産党,日本共産党,true,新,政党役員,13642,false,,false,93
h29-10-22,秋田県,2,3,false,落,緑川たかし,緑川貴士,みどりかわ,32,男,希望の党,希望の党,true,新,政党役員,73163,true,97.765,false,94
h29-10-22,秋田県,3,1,false,落,村岡としひで,村岡敏,むらおか,57,男,希望の党,希望の党,true,前,政治団体代表,93746,true,87.260,false,94
h29-10-22,秋田県,3,2,true,当,みのり川信英,御法川信英,かわのぶひで,53,男,自由民主党,自由民主党,true,前,秋田県第三選挙区支部長,107432,true,100.000,false,94
h29-10-22,秋田県,3,3,false,落,冨岡あきら,冨岡昭,とみおか,67,男,日本共産党,日本共産党,true,新,政党役員,11274,false,,false,94
h29-10-22,山形県,1,1,true,当,えんどう利明,遠藤利明,としあき,67,男,自由民主党,自由民主党,true,前,団体役員,104227,true,100.000,false,94
h29-10-22,山形県,1,2,false,落,あらい寛,荒井寛,かん,44,男,希望の党,希望の党,true,新,民進党山形県第１総支部長,62407,true,59.876,false,94
h29-10-22,山形県,1,3,false,落,石川渉,,いしかわしょう,43,男,日本共産党,日本共産党,true,新,政党役員,15354,false,,false,94
h29-10-22,山形県,2,1,true,当,すずきのりかず,鈴木憲和,,35,男,自由民主党,自由民主党,true,前,選挙区支部長,109949,true,100.000,false,94
h29-10-22,山形県,2,2,false,落,近藤ようすけ,近藤洋介,こんどう,52,男,希望の党,希望の党,true,前,元経済産業副大臣前衆議院議員,92035,true,83.706,false,94
h29-10-22,山形県,2,3,false,落,岩本こうじ,岩本康嗣,いわもと,52,男,日本共産党,日本共産党,true,新,政党役員,10923,false,,false,94
h29-10-22,山形県,3,1,false,落,しろとり良太,城取良太,りょうた,40,男,（幸福実現党）,幸福実現党,false,新,幸福実現党山形県本部代表,2329,false,,false,94
h29-10-22,山形県,3,2,true,当,かとう鮎子,角田鮎子,あゆこ,38,女,自由民主党,自由民主党,true,前,選挙区支部長,103973.118,true,100.000,false,94
h29-10-22,山形県,3,3,false,落,加藤太一,,かとうたいち,66,男,日本共産党,日本共産党,true,新,政党役員,11241.869,false,,false,94
h29-10-22,山形県,3,4,false,落,あべ寿一,阿部寿一,じゅいち,58,男,希望の党,希望の党,true,元,無職,81708,true,78.585,false,94
h29-10-22,福島県,1,1,true,当,かねこ恵美,金子恵美,えみ,52,女,（無所属）,無所属,false,前,政党役員,126664,false,,false,94
h29-10-22,福島県,1,2,false,落,亀岡よしたみ,亀岡偉民,かめおか,62,男,自由民主党,自由民主党,true,前,選挙区支部長,113514,true,89.618,false,94
h29-10-22,福島県,2,1,true,当,根本匠,,ねもとたくみ,66,男,自由民主党,自由民主党,true,前,選挙区支部長,96892,true,100.000,false,94
h29-10-22,福島県,2,2,false,落,たいら善彦,平善彦,よしひこ,65,男,日本共産党,日本共産党,true,新,政党役員,18279,false,,false,94
h29-10-22,福島県,2,3,false,落,岡部みつのり,岡部光規,おかべ,49,男,希望の党,希望の党,true,新,医師,59377,true,61.281,false,94
h29-10-22,福島県,2,4,false,落,西村えみ,西村恵美,にしむら,54,女,日本維新の会,日本維新の会,true,新,会社員,9685,true,,true,94
h29-10-22,福島県,3,1,false,落,橋本けんじ,橋本健二,はしもと,69,男,日本共産党,日本共産党,true,新,政党役員,11196,false,,false,94
h29-10-22,福島県,3,2,false,落,上杉けんたろう,上杉謙太郎,うえすぎ,42,男,自由民主党,自由民主党,true,新,自由民主党福島県第三選挙区支部長,60006,true,64.571,false,94
h29-10-22,福島県,3,3,true,当,げんば光一郎,玄葉光一郎,こういちろう,53,男,（無所属）,無所属,false,前,政党役員,92930,false,,false,94
h29-10-22,福島県,4,1,false,落,渡辺としお,渡辺敏雄,わたなべ,68,男,社会民主党,社会民主党,true,新,団体役員,8063,true,,true,94
h29-10-22,福島県,4,2,false,落,おぐま慎司,小熊慎司,しんじ,49,男,希望の党,希望の党,true,前,政党役員,67073,true,98.229,false,95
h29-10-22,福島県,4,3,false,落,古川よしのり,古川憲,ふるかわ,66,男,日本共産党,日本共産党,true,新,政党役員,9492,false,,false,95
h29-10-22,福島県,4,4,true,当,かんけ一郎,菅家一郎,いちろう,62,男,自由民主党,自由民主党,true,前,選挙区支部長,68282,true,100.000,false,95
h29-10-22,福島県,5,1,true,当,吉野まさよし,吉野正芳,よしの,69,男,自由民主党,自由民主党,true,前,復興大臣,86461,true,100.000,false,95
h29-10-22,福島県,5,2,false,落,吉田泉,,よしだいずみ,68,男,希望の党,希望の党,true,前,政党役員,51478,true,59.538,false,95
h29-10-22,福島県,5,3,false,落,くまがい智,熊谷智,とも,37,男,日本共産党,日本共産党,true,新,政党役員,16154,false,,false,95
h29-10-22,福島県,5,4,false,落,えんどう陽子,遠藤陽子,ようこ,67,女,社会民主党,社会民主党,true,新,団体役員,7186,true,,true,95
h29-10-22,茨城県,1,1,false,落,かわべ賢一,川辺賢一,けんいち,30,男,（幸福実現党）,幸福実現党,false,新,団体職員,2564,false,,false,95
h29-10-22,茨城県,1,2,false,落,福島のぶゆき,福島伸享,ふくしま,47,男,希望の党,希望の党,true,前,政党役員,82835,true,82.116,false,95
h29-10-22,茨城県,1,3,true,当,田所よしのり,田所嘉徳,たどころ,63,男,自由民主党,自由民主党,true,前,選挙区支部長,100875,true,100.000,false,95
h29-10-22,茨城県,1,4,false,落,大内くみ子,大内久美子,おおうちこ,68,女,日本共産党,日本共産党,true,新,団体役員,22034,true,21.842,false,95
h29-10-22,茨城県,2,1,false,落,星野文雄,,ほしのふみお,69,男,日本共産党,日本共産党,true,新,政党役員,14675,false,,false,95
h29-10-22,茨城県,2,2,true,当,ぬかが福志郎,額賀福志郎,ふくしろう,73,男,自由民主党,自由民主党,true,前,選挙区支部長,104183,false,,false,95
h29-10-22,茨城県,2,3,false,落,いしづ政雄,石津政雄,まさお,70,男,希望の党,希望の党,true,元,団体役員,57098,true,54.805,false,95
h29-10-22,茨城県,3,1,false,落,林みやこ,板垣京,はやし,67,女,日本共産党,日本共産党,true,新,無職,34112,false,,false,95
h29-10-22,茨城県,3,2,true,当,はなし康弘,葉梨康弘,やすひろ,58,男,自由民主党,自由民主党,true,前,選挙区支部長,113068,true,100.000,false,95
h29-10-22,茨城県,3,3,false,落,ひぐちまい,河津舞,,44,女,希望の党,希望の党,true,新,日本アイ・ビー・エム株式会社会社員,51060,true,45.158,false,95
h29-10-22,茨城県,4,1,false,落,堀江かくじ,堀江鶴治,ほりえ,75,男,日本共産党,日本共産党,true,新,農業,12548,false,,false,95
h29-10-22,茨城県,4,2,false,落,おおくま利昭,大熊利昭,としあき,54,男,希望の党,希望の党,true,元,無職,29547,true,30.160,false,95
h29-10-22,茨城県,4,3,true,当,梶山ひろし,梶山弘志,かじやま,62,男,自由民主党,自由民主党,true,前,自由民主党茨城県第四選挙区支部支部長,97966,true,100.000,false,95
h29-10-22,茨城県,5,1,true,当,石川あきまさ,石川昭政,いしかわ,45,男,自由民主党,自由民主党,true,前,茨城県第五選挙区支部長,61450,true,100.000,false,95
h29-10-22,茨城県,5,2,false,落,川崎あつ子,川﨑篤子,かわさきこ,64,女,日本共産党,日本共産党,true,新,無職,10027,false,,false,95
h29-10-22,茨城県,5,3,false,落,浅野さとし,浅野哲,あさの,35,男,希望の党,希望の党,true,新,労働組合役員,56098,true,91.290,false,95
h29-10-22,茨城県,6,1,true,当,国光あやの,佐藤文乃,くにみつ,38,女,自由民主党,自由民主党,true,新,医師,102820,true,100.000,false,95
h29-10-22,茨城県,6,2,false,落,青山やまと,青山大人,あおやま,38,男,希望の党,希望の党,true,新,ＮｅｘｔＡｇｅ（株）代表取締役,96987,true,94.326,false,95
h29-10-22,茨城県,6,3,false,落,古沢よしゆき,古沢喜幸,ふるさわ,71,男,日本共産党,日本共産党,true,新,無職,24227,false,,false,96
h29-10-22,茨城県,7,1,false,落,石嶋いわお,石嶋巌,いしじま,63,男,日本共産党,日本共産党,true,新,農業,18308,false,,false,96
h29-10-22,茨城県,7,2,false,落,ながおか桂子,永岡桂子,けいこ,63,女,自由民主党,自由民主党,true,前,選挙区支部長,62617,true,80.568,false,96
h29-10-22,茨城県,7,3,true,当,なかむら喜四郎,中村喜四郎,きしろう,68,男,（無所属）,無所属,false,前,株式会社岩井自動車学校代表取締役社長,77719,false,,false,96
h29-10-22,栃木県,1,1,false,落,渡辺のりよし,渡邉典喜,わたなべ,34,男,（無所属）,無所属,false,新,政党役員,33681,false,,false,96
h29-10-22,栃木県,1,2,false,落,柏倉ゆうじ,柏倉祐司,かしわくら,48,男,希望の党,希望の党,true,元,医師,51122,true,46.841,false,96
h29-10-22,栃木県,1,3,true,当,船田はじめ,船田元,ふなだ,63,男,自由民主党,自由民主党,true,前,選挙区支部長,109139,true,100.000,false,96
h29-10-22,栃木県,1,4,false,落,青木ひろし,青木弘,あおき,56,男,日本共産党,日本共産党,true,新,政党役員,16463,false,,false,96
h29-10-22,栃木県,2,1,false,落,西川こうや,西川公也,にしかわ,74,男,自由民主党,自由民主党,true,前,選挙区支部長,65445,false,,false,96
h29-10-22,栃木県,2,2,true,当,福田あきお,福田昭夫,ふくだ,69,男,（無所属）,無所属,false,前,政党役員,75031,false,,false,96
h29-10-22,栃木県,3,1,false,落,まき昌三,槙昌三,しょうぞう,74,男,日本共産党,日本共産党,true,新,政党役員,9990,false,,false,96
h29-10-22,栃木県,3,2,false,落,石渡つよし,石渡剛,いしわた,48,男,（幸福実現党）,幸福実現党,false,新,団体職員,1561,false,,false,96
h29-10-22,栃木県,3,3,false,落,渡辺みゆき,渡辺美由紀,わたなべ,58,女,希望の党,希望の党,true,新,会社役員,42820,true,57.576,false,96
h29-10-22,栃木県,3,4,true,当,やな和生,簗和生,かずお,38,男,自由民主党,自由民主党,true,前,選挙区支部長,74371,true,100.000,false,96
h29-10-22,栃木県,4,1,true,当,さとう勉,佐藤勉,つとむ,65,男,自由民主党,自由民主党,true,前,選挙区支部長,111167,true,100.000,false,96
h29-10-22,栃木県,4,2,false,落,山崎としひこ,山崎寿彦,やまざき,64,男,日本共産党,日本共産党,true,新,政党役員,16741,false,,false,96
h29-10-22,栃木県,4,3,false,落,藤岡隆雄,,ふじおかたかお,40,男,希望の党,希望の党,true,新,政策調査研究業,76294,true,68.630,false,96
h29-10-22,栃木県,5,1,true,当,茂木としみつ,茂木敏充,もてぎ,62,男,自由民主党,自由民主党,true,前,経済再生担当・人づくり革命担当大臣,89403,true,100.000,false,96
h29-10-22,栃木県,5,2,false,落,大豆生田みのる,大豆生田実,おおまみうだ,51,男,希望の党,希望の党,true,新,会社役員,41438,true,46.349,false,96
h29-10-22,栃木県,5,3,false,落,川上ひとし,川上均,かわかみ,61,男,日本共産党,日本共産党,true,新,政党役員,13485,false,,false,96
h29-10-22,群馬県,1,1,false,落,宮崎タケシ,宮﨑岳志,みやざきたけし,47,男,希望の党,希望の党,true,前,無職,71569,true,77.254,false,96
h29-10-22,群馬県,1,2,true,当,尾身朝子,,おみあさこ,56,女,自由民主党,自由民主党,true,前,政党役員,92641,true,100.000,false,96
h29-10-22,群馬県,1,3,false,落,たなはしせつ子,店橋世津子,こ,56,女,日本共産党,日本共産党,true,新,政党役員,25818,true,27.868,false,96
h29-10-22,群馬県,2,1,true,当,井野としろう,井野俊郎,いの,37,男,自由民主党,自由民主党,true,前,無職,89219,true,100.000,false,96
h29-10-22,群馬県,2,2,false,落,はせだ直之,長谷田直之,なおゆき,61,男,日本共産党,日本共産党,true,新,政党役員,21908,false,,false,97
h29-10-22,群馬県,2,3,false,落,石関たかし,石関貴史,いしぜき,45,男,希望の党,希望の党,true,前,公益財団法人理事,48545,true,54.411,false,97
h29-10-22,群馬県,3,1,false,落,長谷川かいち,長谷川嘉一,はせがわ,64,男,立憲民主党,立憲民主党,true,新,医療法人理事長,67456,true,80.837,false,97
h29-10-22,群馬県,3,2,true,当,笹川ひろよし,笹川博義,ささがわ,51,男,自由民主党,自由民主党,true,前,無職,83446,true,100.000,false,97
h29-10-22,群馬県,4,1,false,落,はぎわら貞夫,萩原貞夫,さだお,68,男,日本共産党,日本共産党,true,新,無職,24006,false,,false,97
h29-10-22,群馬県,4,2,false,落,不破弘樹,,ふわひろき,51,男,希望の党,希望の党,true,新,団体役員,36167,true,38.779,false,97
h29-10-22,群馬県,4,3,true,当,福田達夫,,ふくだたつお,50,男,自由民主党,自由民主党,true,前,防衛大臣政務官,93262,true,100.000,false,97
h29-10-22,群馬県,5,1,true,当,おぶち優子,小渕優子,ゆうこ,43,女,自由民主党,自由民主党,true,前,選挙区支部長,109453,true,100.000,false,97
h29-10-22,群馬県,5,2,false,落,伊藤たつや,伊藤達也,いとう,34,男,日本共産党,日本共産党,true,新,政党役員,14935,false,,false,97
h29-10-22,群馬県,5,3,false,落,高橋のぶゆき,高橋宣之,たかはし,63,男,社会民主党,社会民主党,true,新,政党役員,14008,true,,true,97
h29-10-22,群馬県,5,4,false,落,いのくち幸子,猪口幸子,さちこ,61,女,希望の党,希望の党,true,新,医師,30127,true,27.525,false,97
h29-10-22,埼玉県,1,1,false,落,たけまさ公一,武正公一,こういち,56,男,希望の党,希望の党,true,前,政党役員,75716,true,70.962,false,97
h29-10-22,埼玉県,1,2,false,落,こひやま清人,小檜山清人,きよと,60,男,日本維新の会,日本維新の会,true,新,国家財政・年金財政等評論家,11577,true,,true,97
h29-10-22,埼玉県,1,3,false,落,とばめぐみ,鳥羽恵,,58,女,日本共産党,日本共産党,true,新,政党役員,33593,false,,false,97
h29-10-22,埼玉県,1,4,true,当,村井ひでき,村井英樹,むらい,37,男,自由民主党,自由民主党,true,前,選挙区支部長,106699,true,100.000,false,97
h29-10-22,埼玉県,2,1,false,落,すがかつみ,菅克己,,51,男,希望の党,希望の党,true,新,政党役員,64783,true,58.855,false,97
h29-10-22,埼玉県,2,2,false,落,平川みちや,平川道也,ひらかわ,45,男,日本共産党,日本共産党,true,新,政党役員,34846,false,,false,97
h29-10-22,埼玉県,2,3,true,当,しんどう義孝,新藤義孝,よしたか,59,男,自由民主党,自由民主党,true,前,自由民主党埼玉県第２選挙区支部長,110072,true,100.000,false,97
h29-10-22,埼玉県,3,1,false,落,飯田たけし,飯田剛,いいだ,58,男,（幸福実現党）,幸福実現党,false,新,自営業,2009,false,,false,97
h29-10-22,埼玉県,3,2,false,落,石川英行,,いしかわひでゆき,54,男,（無所属）,無所属,false,新,無職,2040,false,,false,97
h29-10-22,埼玉県,3,3,false,落,みわあさみ,三輪麻美,,30,女,希望の党,希望の党,true,新,無職,29867,true,31.408,false,97
h29-10-22,埼玉県,3,4,true,当,きかわだひとし,黄川田仁志,,47,男,自由民主党,自由民主党,true,前,選挙区支部長,95093,true,100.000,false,97
h29-10-22,埼玉県,3,5,false,落,山川ゆりこ,瀨戸百合子,やまかわ,48,女,立憲民主党,立憲民主党,true,新,団体役員,73250,true,77.029,false,97
h29-10-22,埼玉県,3,6,false,落,やこう勘司,谷古宇勘司,かんじ,66,男,日本維新の会,日本維新の会,true,新,社会福祉法人理事長,10864,true,,true,97
h29-10-22,埼玉県,4,1,false,落,あさか英義,朝賀英義,ひでよし,67,男,日本共産党,日本共産党,true,新,政党役員,29125,false,,false,97
h29-10-22,埼玉県,4,2,false,落,あおやぎ仁士,青柳仁士,ひとし,38,男,日本維新の会,日本維新の会,true,新,政党役員,23362,true,31.448,false,98
h29-10-22,埼玉県,4,3,false,落,吉田よしのり,吉田芳朝,よしだ,43,男,希望の党,希望の党,true,新,政党役員,50165,true,67.528,false,98
h29-10-22,埼玉県,4,4,false,落,とよた真由子,今村真由子,まゆこ,43,女,（無所属）,無所属,false,前,無職,21614,false,,false,98
h29-10-22,埼玉県,4,5,true,当,ほさかやすし,穂坂泰,,43,男,自由民主党,自由民主党,true,新,社会福祉法人理事,74287,true,100.000,false,98
h29-10-22,埼玉県,5,1,false,落,まきはらひでき,牧原秀樹,,46,男,自由民主党,自由民主党,true,前,弁護士,77023,true,64.675,false,98
h29-10-22,埼玉県,5,2,true,当,えだの幸男,枝野幸男,ゆきお,53,男,立憲民主党,立憲民主党,true,前,政党役員,119091,true,100.000,false,98
h29-10-22,埼玉県,5,3,false,落,高木ひでふみ,高木秀文,たかぎ,44,男,希望の党,希望の党,true,新,弁護士,11379,true,,true,98
h29-10-22,埼玉県,6,1,true,当,大島あつし,大島敦,おおしま,60,男,希望の党,希望の党,true,前,政党役員,106448,true,100.000,false,98
h29-10-22,埼玉県,6,2,false,落,中根かずゆき,中根一幸,なかね,48,男,自由民主党,自由民主党,true,前,外務副大臣,92222,true,86.635,false,98
h29-10-22,埼玉県,6,3,false,落,戸口佐一,,とぐちさいち,67,男,日本共産党,日本共産党,true,新,６区国政対策委員長,29020,false,,false,98
h29-10-22,埼玉県,7,1,false,落,長沼ちね,長沼チネ,ながぬま,67,女,日本共産党,日本共産党,true,新,日本共産党埼玉７区平和・くらし対策責任者,36830,false,,false,98
h29-10-22,埼玉県,7,2,false,落,こみやま泰子,小宮山泰子,やすこ,52,女,希望の党,希望の党,true,前,政治団体役員,78202,true,86.086,false,98
h29-10-22,埼玉県,7,3,true,当,神山佐市,,かみやまさいち,63,男,自由民主党,自由民主党,true,前,会社役員,90841,true,100.000,false,98
h29-10-22,埼玉県,8,1,false,落,つじモトミ,源巳,,46,男,日本共産党,日本共産党,true,新,党埼玉８区くらしと平和を守るプロジェクトリーダー,33204,false,,false,98
h29-10-22,埼玉県,8,2,false,落,おのづか勝俊,小野塚勝俊,まさとし,45,男,希望の党,希望の党,true,元,政党役員,61501,true,66.164,false,98
h29-10-22,埼玉県,8,3,true,当,しばやま昌彦,柴山昌彦,まさひこ,51,男,自由民主党,自由民主党,true,前,弁護士,92952,true,100.000,false,98
h29-10-22,埼玉県,9,1,false,落,神田三春,,かんだみはる,63,女,日本共産党,日本共産党,true,新,党埼玉９区子ども・福祉・女性相談室長,40822,false,,false,98
h29-10-22,埼玉県,9,2,true,当,大塚拓,,おおつかたく,44,男,自由民主党,自由民主党,true,前,自由民主党埼玉県第九選挙区支部長,111815,true,100.000,false,98
h29-10-22,埼玉県,9,3,false,落,すぎむら慎治,杉村慎治,しんじ,41,男,希望の党,希望の党,true,新,政党役員,57599,true,51.512,false,98
h29-10-22,埼玉県,10,1,false,落,柿沼はるき,柿沼遥輝,かきぬま,34,男,日本共産党,日本共産党,true,新,日本共産党西部地区常任委員,26504,false,,false,98
h29-10-22,埼玉県,10,2,false,落,坂本ゆうのすけ,坂本祐之輔,さかもと,62,男,希望の党,希望の党,true,前,政党役員,66106,true,77.359,false,98
h29-10-22,埼玉県,10,3,true,当,山口たいめい,山口泰明,やまぐち,68,男,自由民主党,自由民主党,true,前,会社役員,85453,true,100.000,false,98
h29-10-22,埼玉県,11,1,false,落,柴岡ゆうま,柴岡祐真,しばおか,33,男,日本共産党,日本共産党,true,新,党中央委員,24624,false,,false,98
h29-10-22,埼玉県,11,2,false,落,今野ともひろ,今野智博,こんの,42,男,（無所属）,無所属,false,前,弁護士,50046,false,,false,98
h29-10-22,埼玉県,11,3,false,落,三角そうた,三角創太,みすみ,29,男,希望の党,希望の党,true,新,政党役員,27387,true,31.019,false,98
h29-10-22,埼玉県,11,4,true,当,小泉りゅうじ,小泉龍司,こいずみ,65,男,（無所属）,無所属,false,前,無職,88290,false,,false,99
h29-10-22,埼玉県,12,1,false,落,森田としかず,森田俊和,もりた,43,男,希望の党,希望の党,true,新,会社役員,86007,true,99.431,false,99
h29-10-22,埼玉県,12,2,false,落,林ひでひろ,林秀洋,はやし,43,男,日本共産党,日本共産党,true,新,党埼玉県常任委員,19878,false,,false,99
h29-10-22,埼玉県,12,3,true,当,野中あつし,野中厚,のなか,40,男,自由民主党,自由民主党,true,前,政党役員,86499,true,100.000,false,99
h29-10-22,埼玉県,13,1,false,落,きたずみよしゆき,北角嘉幸,,54,男,希望の党,希望の党,true,新,団体役員,57947,true,55.451,false,99
h29-10-22,埼玉県,13,2,true,当,つちや品子,土屋品子,しなこ,65,女,自由民主党,自由民主党,true,前,料理研究家,104500,true,100.000,false,99
h29-10-22,埼玉県,13,3,false,落,池田まさよ,池田万佐代,いけだ,58,女,社会民主党,社会民主党,true,新,政党役員,36755,true,35.172,false,99
h29-10-22,埼玉県,14,1,false,落,はたの博,榛野博,ひろし,47,男,日本維新の会,日本維新の会,true,新,会社役員,13926,true,,true,99
h29-10-22,埼玉県,14,2,false,落,苗村京子,,なえむらきょうこ,58,女,日本共産党,日本共産党,true,新,党埼玉１４区政策責任者,32017,false,,false,99
h29-10-22,埼玉県,14,3,false,落,鈴木よしひろ,鈴木義弘,すずき,54,男,希望の党,希望の党,true,前,会社役員,62733,true,63.725,false,99
h29-10-22,埼玉県,14,4,true,当,三ツ林ひろみ,三ツ林裕己,みつばやし,62,男,自由民主党,自由民主党,true,前,医師,98443,true,100.000,false,99
h29-10-22,埼玉県,15,1,true,当,田中良生,,たなかりょうせい,53,男,自由民主党,自由民主党,true,前,会社役員,96185,true,100.000,false,99
h29-10-22,埼玉県,15,2,false,落,梅村さえこ,関口早江子,うめむら,53,女,日本共産党,日本共産党,true,前,党准中央委員,39497,true,41.063,false,99
h29-10-22,埼玉県,15,3,false,落,高橋ひであき,高橋英明,たかはし,54,男,日本維新の会,日本維新の会,true,新,自営業,15014,true,,true,99
h29-10-22,埼玉県,15,4,false,落,高山さとし,高山智司,たかやま,47,男,希望の党,希望の党,true,元,政党役員,48729,true,50.661,false,99
h29-10-22,千葉県,1,1,false,落,たじま要,田嶋要,かなめ,56,男,希望の党,希望の党,true,前,政党役員,81481,true,98.361,false,99
h29-10-22,千葉県,1,2,true,当,門山ひろあき,門山宏哲,かどやま,53,男,自由民主党,自由民主党,true,前,弁護士,82838,true,100.000,false,99
h29-10-22,千葉県,1,3,false,落,大野たかし,大野隆,おおの,48,男,日本共産党,日本共産党,true,新,政党役員,24231,false,,false,99
h29-10-22,千葉県,1,4,false,落,長谷川ゆたか,長谷川豊,はせがわ,42,男,日本維新の会,日本維新の会,true,新,メディア戦略コンサルタント,15014,true,,true,99
h29-10-22,千葉県,2,1,false,落,藤巻けんた,藤巻健太,ふじまき,34,男,日本維新の会,日本維新の会,true,新,会社役員,14885,true,,true,99
h29-10-22,千葉県,2,2,false,落,上野ひろつぐ,上野洋嗣,うえの,40,男,日本共産党,日本共産党,true,新,政党役員,16491,false,,false,99
h29-10-22,千葉県,2,3,false,落,ひぐちひろやす,口博康,,58,男,立憲民主党,立憲民主党,true,新,政党役員,54035,true,49.589,false,99
h29-10-22,千葉県,2,4,false,落,竹ヶ原ゆみこ,竹ヶ原裕美子,たけがはら,46,女,希望の党,希望の党,true,新,産婦人科医,28878,true,26.502,false,99
h29-10-22,千葉県,2,5,true,当,小林たかゆき,小林鷹之,こばやし,42,男,自由民主党,自由民主党,true,前,政党選挙区支部長,108964,true,100.000,false,99
h29-10-22,千葉県,3,1,true,当,松野ひろかず,松野博一,まつの,55,男,自由民主党,自由民主党,true,前,自由民主党衆議院千葉県第三選挙区支部長,85461,true,100.000,false,99
h29-10-22,千葉県,3,2,false,落,岡島一正,,おかじまかずまさ,59,男,立憲民主党,立憲民主党,true,元,政党役員,52018,true,60.867,false,100
h29-10-22,千葉県,3,3,false,落,くしぶち万里,渕万里,まり,50,女,希望の党,希望の党,true,元,無職,22962,true,26.868,false,100
h29-10-22,千葉県,4,1,false,落,深津としろう,深津俊郎,ふかつ,69,男,日本共産党,日本共産党,true,新,政党役員,14955,false,,false,100
h29-10-22,千葉県,4,2,true,当,野田よしひこ,野田佳彦,のだ,60,男,（無所属）,無所属,false,前,無職,131024,false,,false,100
h29-10-22,千葉県,4,3,false,落,木村てつや,木村哲也,きむら,48,男,自由民主党,自由民主党,true,新,会社役員,61804,true,47.169,false,100
h29-10-22,千葉県,4,4,false,落,佐藤浩,,さとうひろし,52,男,日本維新の会,日本維新の会,true,新,会社役員,12104,true,,true,100
h29-10-22,千葉県,5,1,true,当,そのうら健太郎,薗浦健太郎,けんたろう,45,男,自由民主党,自由民主党,true,前,内閣総理大臣補佐官,107299,true,100.000,false,100
h29-10-22,千葉県,5,2,false,落,山田あつし,山田厚史,やまだ,69,男,立憲民主党,立憲民主党,true,新,ジャーナリスト,62894,true,58.615,false,100
h29-10-22,千葉県,5,3,false,落,岡野じゅんこ,岡野純子,おかの,39,女,希望の党,希望の党,true,新,企業研修指導講師,40115,true,37.386,false,100
h29-10-22,千葉県,6,1,false,落,遠藤のぶひこ,遠藤宣彦,えんどう,54,男,希望の党,希望の党,true,元,政党役員,23701,true,31.053,false,100
h29-10-22,千葉県,6,2,false,落,生方幸夫,,うぶかたゆきお,69,男,立憲民主党,立憲民主党,true,元,政党役員,65281,true,85.532,false,100
h29-10-22,千葉県,6,3,true,当,渡辺ひろみち,渡辺博道,わたなべ,67,男,自由民主党,自由民主党,true,前,自由民主党千葉県第六選挙区支部長,76323,true,100.000,false,100
h29-10-22,千葉県,6,4,false,落,星けんたろう,星健太郎,ほし,37,男,日本維新の会,日本維新の会,true,新,政党役員,10145,true,,true,100
h29-10-22,千葉県,7,1,false,落,わたなべ隆夫,渡部隆夫,たかお,74,男,日本共産党,日本共産党,true,新,無職,15025,false,,false,100
h29-10-22,千葉県,7,2,true,当,さいとう健,齋藤健,けん,58,男,自由民主党,自由民主党,true,前,自由民主党千葉県第７選挙区支部長,115731,true,100.000,false,100
h29-10-22,千葉県,7,3,false,落,石塚さだみち,石塚貞通,いしづか,50,男,立憲民主党,立憲民主党,true,新,司法書士,51776,true,44.738,false,100
h29-10-22,千葉県,7,4,false,落,はたの里奈,仲里奈,りな,44,女,希望の党,希望の党,true,新,アナウンサー,29706,true,25.668,false,100
h29-10-22,千葉県,8,1,true,当,桜田よしたか,桜田義孝,さくらだ,67,男,自由民主党,自由民主党,true,前,自由民主党千葉県第８選挙区支部長,100115,true,100.000,false,100
h29-10-22,千葉県,8,2,false,落,小野里ていりょう,小野里定良,おのざと,70,男,日本共産党,日本共産党,true,新,政党職員,33752,false,,false,100
h29-10-22,千葉県,8,3,false,落,太田かずみ,太田和美,おおた,38,女,希望の党,希望の党,true,前,会社役員,71468,true,71.385,false,100
h29-10-22,千葉県,9,1,true,当,秋本まさとし,秋本真利,あきもと,42,男,自由民主党,自由民主党,true,前,国土交通大臣政務官,92180,true,100.000,false,100
h29-10-22,千葉県,9,2,false,落,かもしだ安代,鴨志田安代,やすしろ,62,男,日本共産党,日本共産党,true,新,政党役員,28488,false,,false,100
h29-10-22,千葉県,9,3,false,落,おくの総一郎,奥野總一郎,そういちろう,53,男,希望の党,希望の党,true,前,団体職員,76332,true,82.807,false,100
h29-10-22,千葉県,10,1,true,当,林幹雄,,はやしもとお,70,男,自由民主党,自由民主党,true,前,自由民主党千葉県第１０選挙区支部長,88398,true,100.000,false,100
h29-10-22,千葉県,10,2,false,落,笠原正実,,かさはらまさみ,63,男,日本共産党,日本共産党,true,新,政党職員,12758,false,,false,100
h29-10-22,千葉県,10,3,false,落,谷田川はじめ,谷田川元,やたがわ,54,男,希望の党,希望の党,true,元,政党役員,65256,true,73.820,false,101
h29-10-22,千葉県,11,1,false,落,たがや亮,多ケ谷亮,りょう,48,男,希望の党,希望の党,true,新,会社経営者,45345,true,43.634,false,101
h29-10-22,千葉県,11,2,true,当,森英介,,もりえいすけ,69,男,自由民主党,自由民主党,true,前,選挙区支部長,103919,true,100.000,false,101
h29-10-22,千葉県,11,3,false,落,椎名史明,,しいなふみあき,60,男,日本共産党,日本共産党,true,新,政党役員,23968,false,,false,101
h29-10-22,千葉県,12,1,false,落,大西わたる,大西航,おおにし,36,男,日本共産党,日本共産党,true,新,党千葉県常任委員,22182,true,18.473,false,101
h29-10-22,千葉県,12,2,true,当,浜田やすかず,浜田靖一,はまだ,62,男,自由民主党,自由民主党,true,前,選挙区支部長,120075,true,100.000,false,101
h29-10-22,千葉県,12,3,false,落,ひだか剛,高剛,たけし,51,男,希望の党,希望の党,true,元,政党役員,36571,true,30.456,false,101
h29-10-22,千葉県,12,4,false,落,皆川真一郎,,みながわしんいちろう,63,男,社会民主党,社会民主党,true,新,政党役員,10713,true,,true,101
h29-10-22,千葉県,13,1,false,落,みやかわ伸,宮川伸,しん,47,男,立憲民主党,立憲民主党,true,新,政党役員,57431,true,61.700,false,101
h29-10-22,千葉県,13,2,false,落,さいとう和子,坂井和子,かずこ,43,女,日本共産党,日本共産党,true,前,政党役員,20679,true,22.216,false,101
h29-10-22,千葉県,13,3,true,当,しらすか貴樹,白須賀貴樹,たかき,42,男,自由民主党,自由民主党,true,前,学校法人理事長,93081,true,100.000,false,101
h29-10-22,千葉県,13,4,false,落,水野ともひこ,水野智彦,みずの,61,男,希望の党,希望の党,true,元,歯科医師,31887,true,34.257,false,101
h29-10-22,東京都,1,1,false,落,松沢かおる,園田香,まつざわ,39,女,希望の党,希望の党,true,新,弁護士,40376,true,41.946,false,101
h29-10-22,東京都,1,2,false,落,原口みき,原口実季,はらぐち,28,女,（幸福実現党）,幸福実現党,false,新,団体職員,3806.083,false,,false,101
h29-10-22,東京都,1,3,false,落,山田みき,山田美樹,やまだ,43,女,自由民主党,自由民主党,true,前,選挙区支部長,93234.915,true,96.862,false,101
h29-10-22,東京都,1,4,false,落,マタヨシ光雄,又吉光雄,みつお,73,男,（世界経済共同体党）,世界経済共同体党,false,新,政治団体代表,1307,false,,false,101
h29-10-22,東京都,1,5,true,当,海江田万里,,かいえだばんり,68,男,立憲民主党,立憲民主党,true,元,政党幹事,96255,true,100.000,false,101
h29-10-22,東京都,1,6,false,落,犬丸光加,,いぬまるみつか,57,女,（犬丸勝子と共和党）,犬丸勝子と共和党,false,新,会社社長,1570,false,,false,101
h29-10-22,東京都,2,1,true,当,清人,,つじきよと,38,男,自由民主党,自由民主党,true,前,選挙区支部長,112993,true,100.000,false,101
h29-10-22,東京都,2,2,false,落,松尾あきひろ,松尾明弘,まつお,42,男,立憲民主党,立憲民主党,true,新,弁護士,91230,true,80.739,false,101
h29-10-22,東京都,2,3,false,落,はとやま太郎,鳩山太郎,たろう,43,男,希望の党,希望の党,true,新,会社役員,41955,true,37.130,false,101
h29-10-22,東京都,3,1,false,落,香西かつ介,香西克介,こうざいすけ,41,男,日本共産党,日本共産党,true,新,政党役員,45088,false,,false,101
h29-10-22,東京都,3,2,true,当,石原ひろたか,石原宏高,いしはら,53,男,自由民主党,自由民主党,true,前,選挙区支部長,107708,true,100.000,false,101
h29-10-22,東京都,3,3,false,落,まつばら仁,松原仁,じん,61,男,希望の党,希望の党,true,前,無職,94380,true,87.625,false,101
h29-10-22,東京都,4,1,false,落,井戸まさえ,井戸正枝,いど,51,女,立憲民主党,立憲民主党,true,元,文筆業,53480,true,46.407,false,101
h29-10-22,東京都,4,2,true,当,平将明,,たいらまさあき,50,男,自由民主党,自由民主党,true,前,選挙区支部長,115239,true,100.000,false,102
h29-10-22,東京都,4,3,false,落,ナンバみちよ,難波美智代,,43,女,希望の党,希望の党,true,新,会社代表,35352,true,30.677,false,102
h29-10-22,東京都,4,4,false,落,青山コウヘイ,青山昂平,あおやま,26,男,日本共産党,日本共産党,true,新,政党役員,26037,false,,false,102
h29-10-22,東京都,5,1,false,落,手塚よしお,手塚仁雄,てづか,51,男,立憲民主党,立憲民主党,true,元,政党幹事,99182,true,97.895,false,102
h29-10-22,東京都,5,2,false,落,福田峰之,,ふくだみねゆき,53,男,希望の党,希望の党,true,前,内閣府副大臣,45737,true,45.143,false,102
h29-10-22,東京都,5,3,true,当,若宮けんじ,若宮健嗣,わかみや,56,男,自由民主党,自由民主党,true,前,選挙区支部長,101314,true,100.000,false,102
h29-10-22,東京都,6,1,false,落,おちたかお,越智隆雄,,53,男,自由民主党,自由民主党,true,前,内閣府副大臣,98422,true,98.029,false,102
h29-10-22,東京都,6,2,true,当,落合貴之,,おちあいたかゆき,38,男,立憲民主党,立憲民主党,true,前,政党幹事,100400,true,100.000,false,102
h29-10-22,東京都,6,3,false,落,中岡まき,中岡茉妃,なかおか,26,女,（幸福実現党）,幸福実現党,false,新,団体職員,4307,false,,false,102
h29-10-22,東京都,6,4,false,落,うえまつ恵美子,植松恵美子,えみこ,49,女,希望の党,希望の党,true,新,会社経営者,42862,true,42.691,false,102
h29-10-22,東京都,7,1,false,落,松本文明,,まつもとふみあき,68,男,自由民主党,自由民主党,true,前,内閣府副大臣,85305,true,72.836,false,102
h29-10-22,東京都,7,2,true,当,ながつま昭,長妻昭,あきら,57,男,立憲民主党,立憲民主党,true,前,政党幹事,117118,true,100.000,false,102
h29-10-22,東京都,7,3,false,落,荒木あきひろ,荒木和幸,あらき,64,男,希望の党,希望の党,true,新,会社役員,25531,true,21.799,false,102
h29-10-22,東京都,7,4,false,落,井上いくま,井上郁磨,いのうえ,26,男,（無所属）,無所属,false,新,会社社長,3850,false,,false,102
h29-10-22,東京都,8,1,false,落,木内たかたね,木内孝胤,きうち,51,男,希望の党,希望の党,true,前,会社役員,41175,true,41.231,false,102
h29-10-22,東京都,8,2,false,落,円より子,山﨑順子,まどかこ,70,女,（無所属）,無所属,false,新,著述業,11997,false,,false,102
h29-10-22,東京都,8,3,false,落,斎藤いくま,齋藤郁真,さいとう,29,男,（都政を革新する会）,都政を革新する会,false,新,学生団体役員,2931,false,,false,102
h29-10-22,東京都,8,4,false,落,おさない史子,今中史子,ふみこ,29,女,日本共産党,日本共産党,true,新,団体役員,22399,false,,false,102
h29-10-22,東京都,8,5,false,落,吉田はるみ,吉田晴美,よしだ,45,女,立憲民主党,立憲民主党,true,新,政党幹事,76283,true,76.387,false,102
h29-10-22,東京都,8,6,true,当,石原のぶてる,石原伸晃,いしはら,60,男,自由民主党,自由民主党,true,前,選挙区支部長,99863,true,100.000,false,102
h29-10-22,東京都,9,1,false,落,高松さとし,髙松智之,たかまつ,43,男,希望の党,希望の党,true,新,無職,64731,true,52.937,false,102
h29-10-22,東京都,9,2,false,落,原純子,,はらじゅんこ,53,女,日本共産党,日本共産党,true,新,政党役員,57439,true,46.973,false,102
h29-10-22,東京都,9,3,true,当,すがわら一秀,菅原一秀,いっしゅう,55,男,自由民主党,自由民主党,true,前,選挙区支部長,122279,true,100.000,false,102
h29-10-22,東京都,9,4,false,落,前田吉成,,まえだよしなり,62,男,（無所属）,無所属,false,新,会社員,4243,false,,false,102
h29-10-22,東京都,10,1,false,落,わかさ勝,若狹勝,まさる,60,男,希望の党,希望の党,true,前,弁護士,57901,true,63.524,false,102
h29-10-22,東京都,10,2,false,落,鈴木ようすけ,鈴木庸介,すずき,41,男,立憲民主党,立憲民主党,true,新,政党幹事,70168.078,true,76.983,false,102
h29-10-22,東京都,10,3,true,当,鈴木隼人,,すずきはやと,40,男,自由民主党,自由民主党,true,前,選挙区支部長,91146.918,true,100.000,false,103
h29-10-22,東京都,10,4,false,落,岸良信,,きしよしのぶ,62,男,日本共産党,日本共産党,true,新,政党役員,20828,false,,false,103
h29-10-22,東京都,10,5,false,落,吉井としみつ,吉井利光,よしい,35,男,（幸福実現党）,幸福実現党,false,新,政党東京都本部代表,1744,false,,false,103
h29-10-22,東京都,10,6,false,落,小山徹,,こやまとおる,42,男,（無所属）,無所属,false,新,会社員,2107,false,,false,103
h29-10-22,東京都,11,1,false,落,ししどちえ,藤田千絵,,39,女,希望の党,希望の党,true,新,会社員,42668,true,40.786,false,103
h29-10-22,東京都,11,2,false,落,まえだ順一郎,前田順一郎,じゅんいちろう,42,男,立憲民主党,立憲民主党,true,新,公認会計士,60291,true,57.632,false,103
h29-10-22,東京都,11,3,true,当,下村博文,,しもむらはくぶん,63,男,自由民主党,自由民主党,true,前,選挙区支部長,104612,true,100.000,false,103
h29-10-22,東京都,11,4,false,落,小堤東,,こづつみあづま,28,男,日本共産党,日本共産党,true,新,団体役員,25426,false,,false,103
h29-10-22,東京都,12,1,false,落,中村勝,,なかむらまさる,66,男,（議員報酬ゼロを実現する会）,議員報酬ゼロを実現する会,false,新,会社社長,21892,false,,false,103
h29-10-22,東京都,12,2,false,落,池内さおり,池内沙織,いけうち,35,女,日本共産党,日本共産党,true,前,党准中央委員,83544,true,74.197,false,103
h29-10-22,東京都,12,3,true,当,太田あきひろ,太田昭宏,おおた,72,男,公明党,公明党,true,前,政党役員,112597,false,,false,103
h29-10-22,東京都,13,1,false,落,そぶえ元希,祖父江元希,もとき,42,男,日本共産党,日本共産党,true,新,政党役員,30807,false,,false,103
h29-10-22,東京都,13,2,true,当,かもした一郎,鴨下一郎,いちろう,68,男,自由民主党,自由民主党,true,前,選挙区支部長,120744,true,100.000,false,103
h29-10-22,東京都,13,3,false,落,北條智彦,,きたじょうともひこ,34,男,立憲民主党,立憲民主党,true,新,政党幹事,67070,true,55.547,false,103
h29-10-22,東京都,14,1,false,落,やはぎ麻子,矢作麻子,あさこ,39,女,希望の党,希望の党,true,新,弁護士,63235,true,60.722,false,103
h29-10-22,東京都,14,2,false,落,あとう和之,阿藤和之,かずゆき,46,男,日本共産党,日本共産党,true,新,政党役員,46600,false,,false,103
h29-10-22,東京都,14,3,true,当,松島みどり,馬場みどり,まつしま,61,女,自由民主党,自由民主党,true,前,選挙区支部長,104137,true,100.000,false,103
h29-10-22,東京都,14,4,false,落,せいいみほ,清井美穂,,54,女,（幸福実現党）,幸福実現党,false,新,政党役員,4282,false,,false,103
h29-10-22,東京都,14,5,false,落,大塚紀久雄,,おおつかきくお,76,男,（無所属）,無所属,false,新,貸事務所業,3607,false,,false,103
h29-10-22,東京都,15,1,false,落,吉田としお,吉田年男,よしだ,69,男,日本共産党,日本共産党,true,新,政党役員,34943,false,,false,103
h29-10-22,東京都,15,2,false,落,柿沢未途,,かきざわみと,46,男,希望の党,希望の党,true,前,団体役員,70325,true,69.522,false,103
h29-10-22,東京都,15,3,false,落,いのたかし,猪野隆,,52,男,（無所属）,無所属,false,新,無職,15667,false,,false,103
h29-10-22,東京都,15,4,true,当,あきもと司,秋元司,つかさ,46,男,自由民主党,自由民主党,true,前,国土交通副大臣,101155,true,100.000,false,103
h29-10-22,東京都,16,1,true,当,大西ひでお,大西英男,おおにし,71,男,自由民主党,自由民主党,true,前,選挙区支部長,84457,true,100.000,false,103
h29-10-22,東京都,16,2,false,落,初鹿明博,,はつしかあきひろ,48,男,立憲民主党,立憲民主党,true,前,政党幹事,71405,true,84.545,false,103
h29-10-22,東京都,16,3,false,落,田村けんじ,田村謙治,たむら,49,男,希望の党,希望の党,true,元,会社役員,50568,true,59.874,false,103
h29-10-22,東京都,17,1,false,落,新井杉生,,あらいすぎお,58,男,日本共産党,日本共産党,true,新,政党役員,43138,false,,false,104
h29-10-22,東京都,17,2,true,当,平沢勝栄,,ひらさわかつえい,72,男,自由民主党,自由民主党,true,前,選挙区支部長,127632,true,100.000,false,104
h29-10-22,東京都,17,3,false,落,西田ちから,西田主税,にしだ,55,男,希望の党,希望の党,true,新,無職,49485,true,38.771,false,104
h29-10-22,東京都,18,1,false,落,ときた敦,鴇田敦,あつし,51,男,希望の党,希望の党,true,新,無職,45081,true,46.613,false,104
h29-10-22,東京都,18,2,true,当,菅直人,,かんなおと,71,男,立憲民主党,立憲民主党,true,前,弁理士,96713,true,100.000,false,104
h29-10-22,東京都,18,3,false,落,土屋正忠,,つちやまさただ,75,男,自由民主党,自由民主党,true,前,選挙区支部長,95667,false,,false,104
h29-10-22,東京都,19,1,false,落,ささきりか,佐々木里加,,50,女,希望の党,希望の党,true,新,美術大学講師,29743,true,30.908,false,104
h29-10-22,東京都,19,2,false,落,杉下茂雄,,すぎしたしげお,68,男,日本共産党,日本共産党,true,新,無職,17377,false,,false,104
h29-10-22,東京都,19,3,true,当,松本洋平,,まつもとようへい,44,男,自由民主党,自由民主党,true,前,選挙区支部長,96229,true,100.000,false,104
h29-10-22,東京都,19,4,false,落,末松義規,,すえまつよしのり,60,男,立憲民主党,立憲民主党,true,元,政党幹事,90540,true,94.088,false,104
h29-10-22,東京都,20,1,true,当,木原誠二,,きはらせいじ,47,男,自由民主党,自由民主党,true,前,選挙区支部長,107686,true,100.000,false,104
h29-10-22,東京都,20,2,false,落,かのあきら,鹿野晃,,44,男,希望の党,希望の党,true,新,医師,50439,true,46.838,false,104
h29-10-22,東京都,20,3,false,落,宮本徹,染矢徹,みやもととおる,45,男,日本共産党,日本共産党,true,前,政党役員,57741,true,53.619,false,104
h29-10-22,東京都,21,1,false,落,小糸けんすけ,小糸健介,こいと,35,男,社会民主党,社会民主党,true,新,牧師,38195,true,41.356,false,104
h29-10-22,東京都,21,2,true,当,長島昭久,,ながしまあきひさ,55,男,希望の党,希望の党,true,前,大学客員教授,92356,true,100.000,false,104
h29-10-22,東京都,21,3,false,落,天木直人,,あまきなおと,70,男,（新党憲法９条）,新党憲法９条,false,新,外交評論家,6655,false,,false,104
h29-10-22,東京都,21,4,false,落,小田原きよし,小田原潔,おだわら,53,男,自由民主党,自由民主党,true,前,選挙区支部長,88225,true,95.527,false,104
h29-10-22,東京都,22,1,false,落,山花郁夫,,やまはないくお,50,男,立憲民主党,立憲民主党,true,元,政党役員,91073,true,82.424,false,104
h29-10-22,東京都,22,2,true,当,伊藤達也,,いとうたつや,56,男,自由民主党,自由民主党,true,前,選挙区支部長,110493,true,100.000,false,104
h29-10-22,東京都,22,3,false,落,金ヶ崎絵美,,かながさきえみ,41,女,希望の党,希望の党,true,新,弁護士,30236,true,27.364,false,104
h29-10-22,東京都,22,4,false,落,阿部真,,あべまこと,43,男,日本共産党,日本共産党,true,新,政党役員,22859,false,,false,104
h29-10-22,東京都,23,1,false,落,松村りょうすけ,松村亮佑,まつむら,37,男,日本共産党,日本共産党,true,新,政党職員,58929,false,,false,104
h29-10-22,東京都,23,2,true,当,小倉まさのぶ,小倉將信,おぐら,36,男,自由民主党,自由民主党,true,前,総務大臣政務官,110522,true,100.000,false,104
h29-10-22,東京都,23,3,false,落,伊藤しゅんすけ,伊藤俊輔,いとう,38,男,希望の党,希望の党,true,新,会社社長,76450,true,69.171,false,104
h29-10-22,東京都,24,1,false,落,吉羽美華,,よしばみか,37,女,希望の党,希望の党,true,新,金融コンサルティング,39892,true,32.609,false,105
h29-10-22,東京都,24,2,true,当,はぎうだ光一,萩生田光一,こういち,54,男,自由民主党,自由民主党,true,前,選挙区支部長,122331,true,100.000,false,105
h29-10-22,東京都,24,3,false,落,飯田みやこ,飯田美弥子,いいだ,57,女,日本共産党,日本共産党,true,新,弁護士,24349,true,,true,105
h29-10-22,東京都,24,4,false,落,高橋なりひさ,高橋斉久,たかはし,44,男,立憲民主党,立憲民主党,true,新,弁護士,61441,true,50.225,false,105
h29-10-22,東京都,25,1,false,落,井上たかし,井上宣,いのうえ,43,男,日本共産党,日本共産党,true,新,政党役員,21031.048,false,,false,105
h29-10-22,東京都,25,2,false,落,山下ようこ,山下容子,やました,58,女,立憲民主党,立憲民主党,true,新,政党幹事,44884,true,40.069,false,105
h29-10-22,東京都,25,3,true,当,井上信治,,いのうえしんじ,48,男,自由民主党,自由民主党,true,前,選挙区支部長,112014.943,true,100.000,false,105
h29-10-22,東京都,25,4,false,落,小沢さきひと,小澤鋭仁,おざわ,63,男,希望の党,希望の党,true,前,政党役員,38286,true,34.179,false,105
h29-10-22,神奈川県,1,1,true,当,松本純,,まつもとじゅん,67,男,自由民主党,自由民主党,true,前,選挙区支部長,103070,true,100.000,false,105
h29-10-22,神奈川県,1,2,false,落,長島一由,,ながしまかずよし,50,男,希望の党,希望の党,true,元,映画監督,34433,true,33.407,false,105
h29-10-22,神奈川県,1,3,false,落,しのはら豪,篠原豪,ごう,42,男,立憲民主党,立憲民主党,true,前,政党役員,78019,true,75.695,false,105
h29-10-22,神奈川県,2,1,false,落,高橋のえ,高橋野枝,たかはし,43,女,立憲民主党,立憲民主党,true,新,通信事業会社社員,47191,true,38.298,false,105
h29-10-22,神奈川県,2,2,true,当,すが義偉,菅義偉,よしひで,68,男,自由民主党,自由民主党,true,前,選挙区支部長,123218,true,100.000,false,105
h29-10-22,神奈川県,2,3,false,落,おおぬき清文,大貫清文,きよふみ,60,男,日本共産党,日本共産党,true,新,政党職員,16699,false,,false,105
h29-10-22,神奈川県,2,4,false,落,はしもと久美,篠﨑久美,くみ,48,女,希望の党,希望の党,true,新,会社役員,28635,true,23.239,false,105
h29-10-22,神奈川県,3,1,false,落,いき愛子,壹岐愛子,あいこ,32,女,（幸福実現党）,幸福実現党,false,新,団体職員,4177,false,,false,105
h29-10-22,神奈川県,3,2,false,落,かつまた恒一郎,勝又恒一郎,こういちろう,54,男,希望の党,希望の党,true,元,大学講師,46284,true,45.754,false,105
h29-10-22,神奈川県,3,3,true,当,おこのぎ八郎,小此木八郎,はちろう,52,男,自由民主党,自由民主党,true,前,選挙区支部長,101157,true,100.000,false,105
h29-10-22,神奈川県,3,4,false,落,伊藤くみこ,伊藤久美子,いとう,57,女,（無所属）,無所属,false,新,無職,26314,false,,false,105
h29-10-22,神奈川県,3,5,false,落,くぎまる進,釘丸進,すすむ,44,男,日本共産党,日本共産党,true,新,政党役員,23476,false,,false,105
h29-10-22,神奈川県,4,1,false,落,山本ともひろ,山本朋広,やまもと,42,男,自由民主党,自由民主党,true,前,防衛副大臣,55700,true,83.109,false,105
h29-10-22,神奈川県,4,2,true,当,早稲田ゆき,早稲田夕季,わせだ,58,女,立憲民主党,立憲民主党,true,新,政党役員,67020,true,100.000,false,105
h29-10-22,神奈川県,4,3,false,落,あさお慶一郎,浅尾慶一郎,けいいちろう,53,男,（無所属）,無所属,false,前,団体役員,51495,false,,false,105
h29-10-22,神奈川県,4,4,false,落,風間法子,,かざまのりこ,47,女,希望の党,希望の党,true,新,政党役員,18618,true,,true,105
h29-10-22,神奈川県,5,1,true,当,さかい学,坂井学,まなぶ,52,男,自由民主党,自由民主党,true,前,総務副大臣,120068,true,100.000,false,105
h29-10-22,神奈川県,5,2,false,落,横山せいご,横山征吾,よこやま,46,男,日本共産党,日本共産党,true,新,政党役員,45497,false,,false,105
h29-10-22,神奈川県,5,3,false,落,吉岡けんじ,吉岡憲史,よしおか,39,男,希望の党,希望の党,true,新,会社役員,67085,true,55.872,false,106
h29-10-22,神奈川県,6,1,false,落,くしだ誠一,串田誠一,せいいち,59,男,日本維新の会,日本維新の会,true,新,弁護士,24424,true,28.304,false,106
h29-10-22,神奈川県,6,2,true,当,あおやぎ陽一郎,青栁陽一郎,よういちろう,48,男,立憲民主党,立憲民主党,true,前,政党役員,86291,true,100.000,false,106
h29-10-22,神奈川県,6,3,false,落,上田いさむ,上田勇,うえだ,59,男,公明党,公明党,true,前,政党役員,82788,false,,false,106
h29-10-22,神奈川県,7,1,true,当,鈴木けいすけ,鈴木馨祐,すずき,40,男,自由民主党,自由民主党,true,前,選挙区支部長,103324,true,100.000,false,106
h29-10-22,神奈川県,7,2,false,落,川野あん,竹國案,かわの,35,女,希望の党,希望の党,true,新,会社員,28685,true,27.762,false,106
h29-10-22,神奈川県,7,3,false,落,中谷一馬,,なかたにかずま,34,男,立憲民主党,立憲民主党,true,新,政党役員,87819,true,84.993,false,106
h29-10-22,神奈川県,8,1,false,落,加藤リカ,,かとう,45,女,日本共産党,日本共産党,true,新,政党役員,21241,false,,false,106
h29-10-22,神奈川県,8,2,false,落,大西つねき,大西恒樹,おおにし,53,男,（フェア党）,フェア党,false,新,ＩＴ会社社長,5518,false,,false,106
h29-10-22,神奈川県,8,3,true,当,江田けんじ,江田憲司,えだ,61,男,（無所属）,無所属,false,前,無職,119280,false,,false,106
h29-10-22,神奈川県,8,4,false,落,みたに英弘,三谷英弘,ひでひろ,41,男,自由民主党,自由民主党,true,元,選挙区支部長,74119,true,62.138,false,106
h29-10-22,神奈川県,9,1,false,落,斉藤のどか,齋温,さいとう,26,女,日本共産党,日本共産党,true,新,翻訳業,32290,false,,false,106
h29-10-22,神奈川県,9,2,false,落,中山のりひろ,中山展宏,なかやま,49,男,自由民主党,自由民主党,true,前,選挙区支部長,70819,true,97.639,false,106
h29-10-22,神奈川県,9,3,true,当,笠ひろふみ,笠浩史,りゅう,52,男,希望の党,希望の党,true,前,希望の党幹事,72531,true,100.000,false,106
h29-10-22,神奈川県,10,1,false,落,市川よし子,市川佳子,いちかわこ,53,女,希望の党,希望の党,true,新,政党役員,58053,true,51.002,false,106
h29-10-22,神奈川県,10,2,false,落,はたの君枝,畑野君枝,きみえ,60,女,日本共産党,日本共産党,true,前,日本共産党中央委員,49305,true,43.316,false,106
h29-10-22,神奈川県,10,3,true,当,田中かずのり,田中和德,たなか,68,男,自由民主党,自由民主党,true,前,選挙区支部長,113824,true,100.000,false,106
h29-10-22,神奈川県,11,1,false,落,せと和弘,瀬戸和弘,かずひろ,65,男,日本共産党,日本共産党,true,新,政党役員,21874,false,,false,106
h29-10-22,神奈川県,11,2,false,落,真白リョウ,宇都宮優子,ましろ,41,女,希望の党,希望の党,true,新,作曲家,18583,true,,true,106
h29-10-22,神奈川県,11,3,true,当,小泉進次郎,,こいずみしんじろう,36,男,自由民主党,自由民主党,true,前,選挙区支部長,154761,false,,false,106
h29-10-22,神奈川県,11,4,false,落,あくつ孝行,圷孝行,たかゆき,67,男,（労働の解放をめざす労働者党）,労働の解放をめざす労働者党,false,新,無職,3133,false,,false,106
h29-10-22,神奈川県,12,1,false,落,原てるお,原輝雄,はら,43,男,希望の党,希望の党,true,新,無職,29852,true,34.491,false,106
h29-10-22,神奈川県,12,2,false,落,星野つよし,星野剛士,ほしの,54,男,自由民主党,自由民主党,true,前,選挙区支部長,83924,true,96.965,false,106
h29-10-22,神奈川県,12,3,true,当,あべともこ,阿部知子,,69,女,立憲民主党,立憲民主党,true,前,医師,86550,true,100.000,false,106
h29-10-22,神奈川県,13,1,true,当,甘利明,,あまりあきら,68,男,自由民主党,自由民主党,true,前,選挙区支部長,127214,true,100.000,false,107
h29-10-22,神奈川県,13,2,false,落,太ひでし,森川栄志,ふとり,40,男,希望の党,希望の党,true,新,研究員,62779,true,49.349,false,107
h29-10-22,神奈川県,13,3,false,落,岡崎ゆたか,岡崎裕,おかざき,39,男,日本共産党,日本共産党,true,新,県常任委員,36627,true,28.791,false,107
h29-10-22,神奈川県,14,1,false,落,もとむら賢太郎,本村賢太郎,けんたろう,47,男,希望の党,希望の党,true,前,団体役員,94348,true,89.047,false,107
h29-10-22,神奈川県,14,2,false,落,中野渡じゅん,中野渡旬,なかのわたり,69,男,日本共産党,日本共産党,true,新,政党役員,27640,false,,false,107
h29-10-22,神奈川県,14,3,true,当,あかま二郎,赤間二郎,じろう,49,男,自由民主党,自由民主党,true,前,内閣府副大臣,105953,true,100.000,false,107
h29-10-22,神奈川県,15,1,true,当,河野太郎,,こうのたろう,54,男,自由民主党,自由民主党,true,前,選挙区支部長,159647,true,100.000,false,107
h29-10-22,神奈川県,15,2,false,落,ささき克己,佐々木克己,かつみ,62,男,社会民主党,社会民主党,true,新,政党役員,38242,true,23.954,false,107
h29-10-22,神奈川県,15,3,false,落,乃木涼介,高峰祥宏,のぎりょうすけ,53,男,希望の党,希望の党,true,新,俳優,38162,true,23.903,false,107
h29-10-22,神奈川県,16,1,true,当,よしいえひろゆき,義家弘介,,46,男,自由民主党,自由民主党,true,前,選挙区支部長,110508,true,100.000,false,107
h29-10-22,神奈川県,16,2,false,落,ごとう祐一,後藤祐一,ゆういち,48,男,希望の党,希望の党,true,前,政党役員,96128,true,86.987,false,107
h29-10-22,神奈川県,16,3,false,落,池田博英,,いけだひろひで,54,男,日本共産党,日本共産党,true,新,政党役員,28927,false,,false,107
h29-10-22,神奈川県,17,1,false,落,横田英司,横田司,よこたえいじ,59,男,日本共産党,日本共産党,true,新,政党役員,27798,false,,false,107
h29-10-22,神奈川県,17,2,true,当,牧島かれん,,まきしま,40,女,自由民主党,自由民主党,true,前,選挙区支部長,117003,true,100.000,false,107
h29-10-22,神奈川県,17,3,false,落,神山洋介,,かみやまようすけ,42,男,希望の党,希望の党,true,前,政党役員,83407,true,71.286,false,107
h29-10-22,神奈川県,18,1,true,当,やまぎわ大志郎,山際大志郎,だいしろう,49,男,自由民主党,自由民主党,true,前,選挙区支部長,111285,true,100.000,false,107
h29-10-22,神奈川県,18,2,false,落,三村和也,,みむらかずや,42,男,希望の党,希望の党,true,元,団体職員,66057,true,59.358,false,107
h29-10-22,神奈川県,18,3,false,落,若林やすひさ,若林靖久,わかばやし,32,男,日本共産党,日本共産党,true,新,団体職員,40252,true,36.170,false,107
h29-10-22,新潟県,1,1,true,当,西村ちなみ,本多智奈美,にしむら,50,女,立憲民主党,立憲民主党,true,前,政党役員,128045,true,100.000,false,107
h29-10-22,新潟県,1,2,false,落,石﨑とおる,石﨑徹,いしざき,33,男,自由民主党,自由民主党,true,前,選挙区支部長,113045,true,88.285,false,107
h29-10-22,新潟県,2,1,false,落,細田けんいち,細田健一,ほそだ,53,男,自由民主党,自由民主党,true,前,選挙区支部長,81705,true,83.536,false,107
h29-10-22,新潟県,2,2,true,当,わしお英一郎,鷲尾英一郎,えいいちろう,40,男,（無所属）,無所属,false,前,公認会計士,97808,false,,false,107
h29-10-22,新潟県,2,3,false,落,五十嵐たけひこ,五十嵐健彦,いがらし,37,男,日本共産党,日本共産党,true,新,政党役員,10055,false,,false,107
h29-10-22,新潟県,3,1,false,落,三村誉一,,みむらよいち,71,男,（無所属）,無所属,false,新,無職,3375,false,,false,107
h29-10-22,新潟県,3,2,false,落,さいとう洋明,齋藤洋明,ひろあき,40,男,自由民主党,自由民主党,true,前,選挙区支部長,95594,true,99.947,false,108
h29-10-22,新潟県,3,3,true,当,黒岩たかひろ,黒岩宇洋,くろいわ,51,男,（無所属）,無所属,false,前,政党役員,95644,false,,false,108
h29-10-22,新潟県,4,1,true,当,菊田まきこ,飯田真紀子,きくた,47,女,（無所属）,無所属,false,前,政党役員,112600,false,,false,108
h29-10-22,新潟県,4,2,false,落,金子めぐみ,宮崎恵美,かねこ,39,女,自由民主党,自由民主党,true,前,選挙区支部長,87524,true,77.730,false,108
h29-10-22,新潟県,5,1,true,当,泉田ひろひこ,泉田裕彦,いずみだ,55,男,自由民主党,自由民主党,true,新,大学教授,91855,true,100.000,false,108
h29-10-22,新潟県,5,2,false,落,笠原れいか,笠原麗香,かさはら,25,女,（幸福実現党）,幸福実現党,false,新,選挙区支部長,5735,false,,false,108
h29-10-22,新潟県,5,3,false,落,大平えつこ,大平悦子,おおだいら,61,女,（無所属）,無所属,false,新,無職,79655,false,,false,108
h29-10-22,新潟県,6,1,true,当,たかとり修一,髙鳥修一,しゅういち,57,男,自由民主党,自由民主党,true,前,選挙区支部長,94292,true,100.000,false,108
h29-10-22,新潟県,6,2,false,落,うめたに守,梅谷守,まもる,43,男,（無所属）,無所属,false,新,政党役員,92080,false,,false,108
h29-10-22,富山県,1,1,true,当,たばた裕明,田畑裕明,ひろあき,44,男,自由民主党,自由民主党,true,前,選挙区支部長,74876,true,100.000,false,108
h29-10-22,富山県,1,2,false,落,吉田豊史,,よしだとよふみ,47,男,日本維新の会,日本維新の会,true,前,政党役員,38219,true,51.043,false,108
h29-10-22,富山県,1,3,false,落,青山りょうすけ,青山了介,あおやま,42,男,日本共産党,日本共産党,true,新,政党役員,13471,false,,false,108
h29-10-22,富山県,2,1,true,当,みやこし光寛,宮腰光寛,みつひろ,66,男,自由民主党,自由民主党,true,前,内閣総理大臣補佐官,94086,true,100.000,false,108
h29-10-22,富山県,2,2,false,落,山崎あきら,山崎彰,やまざき,67,男,社会民主党,社会民主党,true,新,団体役員,32348,true,34.381,false,108
h29-10-22,富山県,3,1,true,当,たちばな慶一郎,橘慶一郎,けいいちろう,56,男,自由民主党,自由民主党,true,前,選挙区支部長,140803,true,100.000,false,108
h29-10-22,富山県,3,2,false,落,しばた巧,柴田巧,たくみ,56,男,希望の党,希望の党,true,新,無職,62066,true,44.080,false,108
h29-10-22,富山県,3,3,false,落,坂本ひろし,山本洋史,さかもと,47,男,日本共産党,日本共産党,true,新,政党役員,17576,true,,true,108
h29-10-22,石川県,1,1,true,当,はせ浩,馳浩,ひろし,56,男,自由民主党,自由民主党,true,前,政党役員,112168,true,100.000,false,108
h29-10-22,石川県,1,2,false,落,黒崎きよのり,黒崎清則,くろさき,69,男,日本共産党,日本共産党,true,新,政党役員,16152,false,,false,108
h29-10-22,石川県,1,3,false,落,たなか美絵子,田中美絵子,みえこ,41,女,希望の党,希望の党,true,元,政党役員,61541,true,54.865,false,108
h29-10-22,石川県,2,1,false,落,本田正和,,ほんだまさかず,68,男,日本共産党,日本共産党,true,新,政党役員,9920,false,,false,108
h29-10-22,石川県,2,2,false,落,しばた未来,柴田未来,みき,46,女,希望の党,希望の党,true,新,弁護士,58164,true,49.116,false,108
h29-10-22,石川県,2,3,true,当,佐々木はじめ,佐々木紀,ささき,43,男,自由民主党,自由民主党,true,前,会社役員,118421,true,100.000,false,108
h29-10-22,石川県,2,4,false,落,みやもとさとし,宮元智,,57,男,（幸福実現党）,幸福実現党,false,新,政党役員,3472,false,,false,108
h29-10-22,石川県,3,1,true,当,にしだ昭二,西田昭二,しょうじ,48,男,自由民主党,自由民主党,true,新,選挙区支部長,80416,true,100.000,false,109
h29-10-22,石川県,3,2,false,落,こんどう和也,近藤和也,かずや,43,男,希望の党,希望の党,true,元,政党役員,78306,true,97.376,false,109
h29-10-22,石川県,3,3,false,落,鈴木こうた,鈴木宏太,すずき,36,男,日本共産党,日本共産党,true,新,政党職員,5212,false,,false,109
h29-10-22,福井県,1,1,false,落,かねもと幸枝,金元幸枝,ゆきえ,59,女,日本共産党,日本共産党,true,新,政党役員,22931,false,,false,109
h29-10-22,福井県,1,2,true,当,稲田ともみ,稲田朋美,いなだ,58,女,自由民主党,自由民主党,true,前,弁護士,116969,true,100.000,false,109
h29-10-22,福井県,1,3,false,落,鈴木こうじ,鈴木宏治,すずき,43,男,希望の党,希望の党,true,新,政党役員,64086,true,54.788,false,109
h29-10-22,福井県,2,1,true,当,高木つよし,高木毅,たかぎ,61,男,自由民主党,自由民主党,true,前,無職,80895,true,100.000,false,109
h29-10-22,福井県,2,2,false,落,斉木武志,齋木武志,さいきたけし,43,男,希望の党,希望の党,true,元,政党役員,55537,true,68.653,false,109
h29-10-22,福井県,2,3,false,落,さるはし巧,猿橋巧,たくみ,63,男,日本共産党,日本共産党,true,新,政党役員,12873,false,,false,109
h29-10-22,山梨県,1,1,false,落,宮内げん,宮内現,みやうち,35,男,日本共産党,日本共産党,true,新,団体職員,21320,true,,true,109
h29-10-22,山梨県,1,2,false,落,にしわき愛,西脇愛,あい,32,女,（幸福実現党）,幸福実現党,false,新,団体職員,7119,false,,false,109
h29-10-22,山梨県,1,3,false,落,中谷真一,,なかたにしんいち,41,男,自由民主党,自由民主党,true,前,選挙区支部長,105876,true,98.943,false,109
h29-10-22,山梨県,1,4,true,当,中島かつひと,中嶋克仁,なかじま,50,男,（無所属）,無所属,false,前,医師,107007,false,,false,109
h29-10-22,山梨県,2,1,false,落,いげたまこと,井桁亮,,48,男,希望の党,希望の党,true,新,無職,9719,true,,true,109
h29-10-22,山梨県,2,2,false,落,長崎幸太郎,,ながさきこうたろう,49,男,（無所属）,無所属,false,前,会社役員,67434,false,,false,109
h29-10-22,山梨県,2,3,false,落,大久保令子,,おおくぼれいこ,67,女,日本共産党,日本共産党,true,新,政党役員,5414,false,,false,109
h29-10-22,山梨県,2,4,true,当,堀内のり子,堀内詔子,ほりうちこ,51,女,（無所属）,無所属,false,前,山梨県第二選挙区支部長,70532,false,,false,109
h29-10-22,山梨県,2,5,false,落,小林ひろゆき,小林弘幸,こばやし,45,男,立憲民主党,立憲民主党,true,新,株式会社K2コンサルティング共同代表,22684,true,32.161,false,109
h29-10-22,長野県,1,1,false,落,小松ゆたか,小松裕,こまつ,55,男,自由民主党,自由民主党,true,前,選挙区支部長,85460,true,64.799,false,109
h29-10-22,長野県,1,2,true,当,しのはら孝,篠原孝,たかし,69,男,（無所属）,無所属,false,前,無職,131883,false,,false,109
h29-10-22,長野県,1,3,false,落,橋本まさゆき,橋本将之,はしもと,37,男,日本維新の会,日本維新の会,true,新,政党役員,22817,true,,true,109
h29-10-22,長野県,1,4,false,落,こまむら幸成,駒村幸成,ゆきなり,61,男,（長野県を日本一好景気にする会）,長野県を日本一好景気にする会,false,新,会社役員,3784,false,,false,109
h29-10-22,長野県,2,1,false,落,手塚大輔,手塚大輔,てづかだいすけ,34,男,日本維新の会,日本維新の会,true,新,政党役員,34073,true,43.492,false,109
h29-10-22,長野県,2,2,true,当,下条みつ,下條光康,しもじょう,61,男,希望の党,希望の党,true,元,政党役員,78343,true,100.000,false,109
h29-10-22,長野県,2,3,false,落,中川ひろじ,中川博司,なかがわ,59,男,社会民主党,社会民主党,true,新,政党役員,41274,true,52.683,false,109
h29-10-22,長野県,2,4,false,落,むたい俊介,務台俊介,しゅんすけ,61,男,自由民主党,自由民主党,true,前,選挙区支部長,67210,true,85.789,false,110
h29-10-22,長野県,3,1,false,落,木内ひとし,木内均,きうち,53,男,自由民主党,自由民主党,true,前,選挙区支部長,74722,true,58.586,false,110
h29-10-22,長野県,3,2,false,落,小金沢ゆか,小金澤由佳,こがねざわ,34,女,日本共産党,日本共産党,true,新,政党役員,34462,false,,false,110
h29-10-22,長野県,3,3,true,当,井出ようせい,井出庸生,いで,39,男,希望の党,希望の党,true,前,政党役員,127542,true,100.000,false,110
h29-10-22,長野県,3,4,false,落,及川幸久,,おいかわゆきひさ,57,男,（幸福実現党）,幸福実現党,false,新,党役員,3687,false,,false,110
h29-10-22,長野県,4,1,false,落,寺島よしゆき,寺島義幸,てらしま,64,男,希望の党,希望の党,true,元,社会福祉法人理事,40863,true,59.503,false,110
h29-10-22,長野県,4,2,false,落,もうり栄子,毛利榮子,えいこ,66,女,日本共産党,日本共産党,true,新,政党役員,40898,false,,false,110
h29-10-22,長野県,4,3,true,当,後藤しげゆき,後藤茂之,ごとう,61,男,自由民主党,自由民主党,true,前,選挙区支部長,68673,true,100.000,false,110
h29-10-22,長野県,5,1,false,落,曽我逸郎,曽我郎,そがいつろう,61,男,（無所属）,無所属,false,新,無職,48588,false,,false,110
h29-10-22,長野県,5,2,false,落,なかじま康介,中嶋康介,こうすけ,40,男,希望の党,希望の党,true,新,会社役員,43425,true,47.437,false,110
h29-10-22,長野県,5,3,true,当,宮下一郎,,みやしたいちろう,59,男,自由民主党,自由民主党,true,前,選挙区支部長,91542,true,100.000,false,110
h29-10-22,岐阜県,1,1,false,落,野原のりこ,野原典子,のはら,60,女,（幸福実現党）,幸福実現党,false,新,医療法人野原クリニック理事,5124,false,,false,110
h29-10-22,岐阜県,1,2,false,落,吉田りえ,浅井里江,よしだ,51,女,（無所属）,無所属,false,新,政党役員,43688,false,,false,110
h29-10-22,岐阜県,1,3,true,当,野田聖子,,のだせいこ,57,女,自由民主党,自由民主党,true,前,国務大臣,103453,true,100.000,false,110
h29-10-22,岐阜県,1,4,false,落,服部泰輔,,はっとりたいすけ,36,男,（無所属）,無所属,false,新,医師,8113,false,,false,110
h29-10-22,岐阜県,2,1,false,落,森桜ふさよし,森櫻房義,もりざくら,60,男,日本共産党,日本共産党,true,新,政党役員,38270,false,,false,110
h29-10-22,岐阜県,2,2,true,当,たなはし泰文,棚橋泰文,やすふみ,54,男,自由民主党,自由民主党,true,前,弁護士,117278,true,100.000,false,110
h29-10-22,岐阜県,3,1,true,当,武藤ようじ,武藤容治,むとう,62,男,自由民主党,自由民主党,true,前,経済産業副大臣,127308,true,100.000,false,110
h29-10-22,岐阜県,3,2,false,落,井上さとし,井上諭,いのうえ,50,男,日本共産党,日本共産党,true,新,政党役員,28093,false,,false,110
h29-10-22,岐阜県,3,3,false,落,さかぐち直人,阪口直人,なおと,54,男,希望の党,希望の党,true,元,政党役員,68404,true,53.731,false,110
h29-10-22,岐阜県,4,1,false,落,今井まさと,今井雅人,いまい,55,男,希望の党,希望の党,true,前,政治団体代表,92370,true,85.947,false,110
h29-10-22,岐阜県,4,2,false,落,こみやま恵美子,籠山恵美子,えみこ,63,女,日本共産党,日本共産党,true,新,政党役員,18634,false,,false,110
h29-10-22,岐阜県,4,3,true,当,金子しゅんぺい,金子俊平,かねこ,39,男,自由民主党,自由民主党,true,新,秘書,107473,true,100.000,false,110
h29-10-22,岐阜県,5,1,false,落,あちは吉信,阿知波吉信,よしのぶ,54,男,希望の党,希望の党,true,元,政党役員,57982,true,62.946,false,110
h29-10-22,岐阜県,5,2,false,落,おぜき祥子,小関祥子,しょうこ,64,女,日本共産党,日本共産党,true,新,政党役員,20318,false,,false,111
h29-10-22,岐阜県,5,3,true,当,古屋圭司,,ふるやけいじ,64,男,自由民主党,自由民主党,true,前,選挙区支部長,92113,true,100.000,false,111
h29-10-22,静岡県,1,1,true,当,かみかわ陽子,上川陽子,ようこ,64,女,自由民主党,自由民主党,true,前,選挙区支部長,96500,true,100.000,false,111
h29-10-22,静岡県,1,2,false,落,青山まさゆき,青山雅幸,あおやま,55,男,立憲民主党,立憲民主党,true,新,弁護士法人ライトハウス法律事務所代表弁護士,38531,true,39.928,false,111
h29-10-22,静岡県,1,3,false,落,小池まさなり,小池政就,こいけ,43,男,希望の党,希望の党,true,元,大学講師,56086,true,58.120,false,111
h29-10-22,静岡県,1,4,false,落,鈴木ちか,丹羽千佳,すずき,46,女,日本共産党,日本共産党,true,新,政党役員,14732,false,,false,111
h29-10-22,静岡県,2,1,true,当,井林たつのり,井林辰憲,いばやし,41,男,自由民主党,自由民主党,true,前,選挙区支部長,130857,true,100.000,false,111
h29-10-22,静岡県,2,2,false,落,松尾つとむ,松尾勉,まつお,33,男,希望の党,希望の党,true,新,無職,75771,true,57.903,false,111
h29-10-22,静岡県,2,3,false,落,よつや恵,四ツ谷惠,めぐみ,65,女,日本共産党,日本共産党,true,新,政党役員,22173,false,,false,111
h29-10-22,静岡県,3,1,false,落,鈴木望,,すずきのぞむ,68,男,希望の党,希望の党,true,元,無職,40495,true,41.353,false,111
h29-10-22,静岡県,3,2,true,当,宮沢ひろゆき,宮澤博行,みやざわ,42,男,自由民主党,自由民主党,true,前,選挙区支部長,97923,true,100.000,false,111
h29-10-22,静岡県,3,3,false,落,小山のぶひろ,小山展弘,こやま,41,男,（無所属）,無所属,false,前,団体職員,81568,false,,false,111
h29-10-22,静岡県,4,1,false,落,松原さとし,松原聡,まつばら,55,男,日本共産党,日本共産党,true,新,政党役員,18437,false,,false,111
h29-10-22,静岡県,4,2,false,落,田中健,,たなかけん,40,男,希望の党,希望の党,true,新,無職,57581,true,59.828,false,111
h29-10-22,静岡県,4,3,true,当,望月よしお,望月義夫,もちづき,70,男,自由民主党,自由民主党,true,前,選挙区支部長,96243,true,100.000,false,111
h29-10-22,静岡県,5,1,false,落,吉川たける,吉川赳,よしかわ,35,男,自由民主党,自由民主党,true,元,選挙区支部長,92467,true,67.237,false,111
h29-10-22,静岡県,5,2,false,落,井口まさひこ,井口昌彦,いぐち,63,男,日本共産党,日本共産党,true,新,政党役員,20750,false,,false,111
h29-10-22,静岡県,5,3,true,当,細野豪志,,ほそのごうし,46,男,希望の党,希望の党,true,前,無職,137523,false,,false,111
h29-10-22,静岡県,6,1,false,落,内田ゆたか,内田豊,うちだ,63,男,日本共産党,日本共産党,true,新,政党役員,19455,false,,false,111
h29-10-22,静岡県,6,2,false,落,かつまた孝明,勝俣孝明,たかあき,41,男,自由民主党,自由民主党,true,前,選挙区支部長,108157,true,99.419,false,111
h29-10-22,静岡県,6,3,true,当,わたなべ周,渡辺周,しゅう,55,男,希望の党,希望の党,true,前,政党役員,108788,true,100.000,false,111
h29-10-22,静岡県,7,1,true,当,城内みのる,城内実,きうち,52,男,自由民主党,自由民主党,true,前,選挙区支部長,129463,true,100.000,false,111
h29-10-22,静岡県,7,2,false,落,日吉雄太,,ひよしゆうた,49,男,立憲民主党,立憲民主党,true,新,公認会計士,26383,true,20.378,false,111
h29-10-22,静岡県,7,3,false,落,のざわ正司,野澤正司,まさじ,68,男,日本共産党,日本共産党,true,新,会社員,10980,false,,false,111
h29-10-22,静岡県,7,4,false,落,福村隆,,ふくむらたかし,54,男,希望の党,希望の党,true,新,無職,29905,true,23.099,false,111
h29-10-22,静岡県,8,1,false,落,げんまけんたろう,源馬謙太郎,,44,男,希望の党,希望の党,true,新,政党役員,78524,true,77.091,false,112
h29-10-22,静岡県,8,2,true,当,しおのや立,塩谷立,りゅう,67,男,自由民主党,自由民主党,true,前,選挙区支部長,101858,true,100.000,false,112
h29-10-22,静岡県,8,3,false,落,しまだ初江,嶋田初江,はつえ,69,女,日本共産党,日本共産党,true,新,政党役員,19645,false,,false,112
h29-10-22,愛知県,1,1,false,落,吉田つねひこ,吉田統彦,よしだ,42,男,立憲民主党,立憲民主党,true,元,医師,57780,true,77.767,false,112
h29-10-22,愛知県,1,2,false,落,佐藤ゆうこ,佐藤夕子,さとう,54,女,希望の党,希望の党,true,元,無職,48633,true,65.456,false,112
h29-10-22,愛知県,1,3,true,当,くまだ裕通,熊田裕通,ひろみち,53,男,自由民主党,自由民主党,true,前,選挙区支部長,74298,true,100.000,false,112
h29-10-22,愛知県,2,1,true,当,古川元久,,ふるかわもとひさ,51,男,希望の党,希望の党,true,前,政党役員,99520,true,100.000,false,112
h29-10-22,愛知県,2,2,false,落,田畑つよし,田畑毅,たばた,45,男,自由民主党,自由民主党,true,前,選挙区支部長,71600,true,71.945,false,112
h29-10-22,愛知県,2,3,false,落,酒井ケンタロー,酒井健太朗,さかい,31,男,日本共産党,日本共産党,true,新,政党役員,27423,false,,false,112
h29-10-22,愛知県,3,1,true,当,近藤昭一,,こんどうしょういち,59,男,立憲民主党,立憲民主党,true,前,政党役員,98595,true,100.000,false,112
h29-10-22,愛知県,3,2,false,落,余語さやか,余語冴耶香,よご,39,女,希望の党,希望の党,true,新,無職,35611,true,36.118,false,112
h29-10-22,愛知県,3,3,false,落,池田よしたか,池田佳隆,いけだ,51,男,自由民主党,自由民主党,true,前,選挙区支部長,76220,true,77.306,false,112
h29-10-22,愛知県,4,1,false,落,西田とし子,西田敏子,にしだこ,63,女,日本共産党,日本共産党,true,新,政党役員,29885,false,,false,112
h29-10-22,愛知県,4,2,false,落,牧義夫,,まきよしお,59,男,希望の党,希望の党,true,前,政党役員,63207,true,82.681,false,112
h29-10-22,愛知県,4,3,true,当,工藤彰三,,くどうしょうぞう,52,男,自由民主党,自由民主党,true,前,選挙区支部長,76446,true,100.000,false,112
h29-10-22,愛知県,5,1,false,落,ののべ尚昭,野々部尚昭,なおあき,47,男,希望の党,希望の党,true,新,無職,32179,true,35.330,false,112
h29-10-22,愛知県,5,2,true,当,赤松広隆,,あかまつひろたか,69,男,立憲民主党,立憲民主党,true,前,政党役員,91081,true,100.000,false,112
h29-10-22,愛知県,5,3,false,落,神田けんじ,神田憲次,かんだ,54,男,自由民主党,自由民主党,true,前,税理士,72651,true,79.765,false,112
h29-10-22,愛知県,6,1,false,落,森本かずよし,森本和義,もりもと,51,男,希望の党,希望の党,true,元,政党役員,75069,true,65.337,false,112
h29-10-22,愛知県,6,2,true,当,丹羽ひでき,丹羽秀樹,にわ,44,男,自由民主党,自由民主党,true,前,選挙区支部長,114894,true,100.000,false,112
h29-10-22,愛知県,6,3,false,落,平山良平,,ひらやまりょうへい,69,男,社会民主党,社会民主党,true,新,政党役員,12764,true,,true,112
h29-10-22,愛知県,6,4,false,落,田上みつのり,田上光徳,たがみ,66,男,日本共産党,日本共産党,true,新,政党役員,23499,false,,false,112
h29-10-22,愛知県,7,1,true,当,山尾しおり,山尾志桜里,やまお,43,女,（無所属）,無所属,false,前,無職,128163,false,,false,112
h29-10-22,愛知県,7,2,false,落,鈴木じゅんじ,鈴木淳司,すずき,59,男,自由民主党,自由民主党,true,前,選挙区支部長,127329,true,99.349,false,112
h29-10-22,愛知県,8,1,false,落,長友ただひろ,長友忠弘,ながとも,58,男,日本共産党,日本共産党,true,新,政党役員,19931,false,,false,113
h29-10-22,愛知県,8,2,false,落,ばんの豊,伴野豊,ゆたか,56,男,（無所属）,無所属,false,前,無職,106625,false,,false,113
h29-10-22,愛知県,8,3,true,当,いとう忠彦,伊藤忠彦,ただひこ,53,男,自由民主党,自由民主党,true,前,選挙区支部長,108477,true,100.000,false,113
h29-10-22,愛知県,9,1,true,当,長坂やすまさ,長坂康正,ながさか,60,男,自由民主党,自由民主党,true,前,選挙区支部長,104419,true,100.000,false,113
h29-10-22,愛知県,9,2,false,落,渡辺ひろし,渡辺裕,わたなべ,37,男,日本共産党,日本共産党,true,新,政党役員,25489,false,,false,113
h29-10-22,愛知県,9,3,false,落,岡本みつのり,岡本充功,おかもと,46,男,希望の党,希望の党,true,前,医師,89908,true,86.103,false,113
h29-10-22,愛知県,10,1,false,落,スギモトカズミ,杉本和巳,,57,男,日本維新の会,日本維新の会,true,元,会社役員,44258,true,50.195,false,113
h29-10-22,愛知県,10,2,false,落,いたくら正文,板倉正文,まさふみ,59,男,日本共産党,日本共産党,true,新,政党役員,27044,false,,false,113
h29-10-22,愛知県,10,3,true,当,エサキ鉄磨,江﨑鐵磨,てつま,74,男,自由民主党,自由民主党,true,前,選挙区支部長,88171,false,,false,113
h29-10-22,愛知県,10,4,false,落,安井みさこ,安井美沙子,やすい,52,女,希望の党,希望の党,true,新,政党支部長,66560,true,75.489,false,113
h29-10-22,愛知県,11,1,false,落,本多のぶひろ,本多信弘,ほんだ,41,男,日本共産党,日本共産党,true,新,政党職員,18685,false,,false,113
h29-10-22,愛知県,11,2,true,当,ふるもと伸一郎,古本伸一郎,しんいちろう,52,男,希望の党,希望の党,true,前,政党役員,134698,true,100.000,false,113
h29-10-22,愛知県,11,3,false,落,八木てつや,八木哲也,やぎ,70,男,自由民主党,自由民主党,true,前,選挙区支部長,96978,true,71.996,false,113
h29-10-22,愛知県,12,1,true,当,しげとく和彦,重德和彦,かずひこ,46,男,（無所属）,無所属,false,前,無職,149587,false,,false,113
h29-10-22,愛知県,12,2,false,落,宮地いさお,宮地勲,みやち,63,男,日本共産党,日本共産党,true,新,政党職員,14378,false,,false,113
h29-10-22,愛知県,12,3,false,落,青山周平,,あおやましゅうへい,40,男,自由民主党,自由民主党,true,前,選挙区支部長,104811,true,70.066,false,113
h29-10-22,愛知県,13,1,true,当,おおにし健介,大西健介,けんすけ,46,男,希望の党,希望の党,true,前,政党役員,116471,true,100.000,false,113
h29-10-22,愛知県,13,2,false,落,大見正,,おおみせい,59,男,自由民主党,自由民主党,true,前,選挙区支部長,109581,true,94.084,false,113
h29-10-22,愛知県,13,3,false,落,下島良一,,しもじまりょういち,71,男,日本共産党,日本共産党,true,新,政党職員,19589,false,,false,113
h29-10-22,愛知県,14,1,false,落,金原のぶゆき,金原信之,きんぱら,57,男,日本共産党,日本共産党,true,新,政党役員,16969,false,,false,113
h29-10-22,愛知県,14,2,true,当,今枝宗一郎,,いまえだそういちろう,33,男,自由民主党,自由民主党,true,前,選挙区支部長,96303,true,100.000,false,113
h29-10-22,愛知県,14,3,false,落,田中克典,,たなかかつのり,43,男,希望の党,希望の党,true,新,政党役員,60955,true,63.295,false,113
h29-10-22,愛知県,15,1,true,当,根本幸典,,ねもとゆきのり,52,男,自由民主党,自由民主党,true,前,選挙区支部長,95568,true,100.000,false,113
h29-10-22,愛知県,15,2,false,落,せき健一郎,関健一郎,けんいちろう,39,男,希望の党,希望の党,true,新,会社役員,77224,true,80.805,false,113
h29-10-22,愛知県,15,3,false,落,のざわ康幸,野澤康幸,やすゆき,29,男,日本共産党,日本共産党,true,新,団体役員,18574,false,,false,114
h29-10-22,三重県,1,1,false,落,松田直久,,まつだなおひさ,63,男,（無所属）,無所属,false,前,政党役員,94045,false,,false,114
h29-10-22,三重県,1,2,true,当,田村のりひさ,田村憲久,たむら,52,男,自由民主党,自由民主党,true,前,無職,109584,true,100.000,false,114
h29-10-22,三重県,2,1,true,当,中川正春,,なかがわまさはる,67,男,（無所属）,無所属,false,前,政党役員,122518,false,,false,114
h29-10-22,三重県,2,2,false,落,川崎二郎,,かわさきじろう,69,男,自由民主党,自由民主党,true,前,無職,104780,true,85.522,false,114
h29-10-22,三重県,3,1,false,落,坂本マキ,坂本麻貴,さかもと,33,女,（幸福実現党）,幸福実現党,false,新,HS政経塾塾生,6353,false,,false,114
h29-10-22,三重県,3,2,true,当,岡田かつや,岡田克也,おかだ,64,男,（無所属）,無所属,false,前,団体役員,147255,false,,false,114
h29-10-22,三重県,3,3,false,落,野村まさひろ,野村真弘,のむら,61,男,日本共産党,日本共産党,true,新,団体役員,11864,false,,false,114
h29-10-22,三重県,3,4,false,落,島田よしかず,島田佳和,しまだ,47,男,自由民主党,自由民主党,true,前,選挙区支部長,63406,true,43.058,false,114
h29-10-22,三重県,4,1,true,当,三ツ矢のりお,三ツ矢憲生,みつや,66,男,自由民主党,自由民主党,true,前,政党役員,99596,false,,false,114
h29-10-22,三重県,4,2,false,落,谷中みよし,谷中三好,たになか,57,男,日本共産党,日本共産党,true,新,団体役員,15724,false,,false,114
h29-10-22,三重県,4,3,false,落,ふじた大助,藤田大助,だいすけ,41,男,希望の党,希望の党,true,元,政党役員,68978,true,69.257,false,114
h29-10-22,滋賀県,1,1,false,落,小坂よし子,小坂淑子,こさかこ,77,女,社会民主党,社会民主党,true,新,社会民主党滋賀県連合代表,13483,true,,true,114
h29-10-22,滋賀県,1,2,true,当,大岡としたか,大岡敏孝,おおおか,45,男,自由民主党,自由民主党,true,前,選挙区支部長,84994,true,100.000,false,114
h29-10-22,滋賀県,1,3,false,落,かだ由紀子,嘉田由紀子,ゆきこ,67,女,（無所属）,無所属,false,新,研究者,79724,false,,false,114
h29-10-22,滋賀県,2,1,false,落,田島一成,,たじまいっせい,55,男,希望の党,希望の党,true,前,政党役員,58718,true,79.678,false,114
h29-10-22,滋賀県,2,2,true,当,うえの賢一郎,上野賢一郎,けんいちろう,52,男,自由民主党,自由民主党,true,前,政党役員,73694,true,100.000,false,114
h29-10-22,滋賀県,2,3,false,落,あらかわまさし,荒川雅司,,42,男,（幸福実現党）,幸福実現党,false,新,団体職員,2576,false,,false,114
h29-10-22,滋賀県,2,4,false,落,たいげつ慈照,對月慈照,じしょう,64,男,（無所属）,無所属,false,新,僧侶,11073,false,,false,114
h29-10-22,滋賀県,3,1,false,落,小川やすえ,小川泰江,おがわ,54,女,希望の党,希望の党,true,新,団体役員,48018,true,60.995,false,114
h29-10-22,滋賀県,3,2,false,落,石堂あつし,石堂淳士,いしどう,43,男,日本共産党,日本共産党,true,新,政党役員,15502,false,,false,114
h29-10-22,滋賀県,3,3,true,当,武村のぶひで,武村展英,たけむら,45,男,自由民主党,自由民主党,true,前,公認会計士,78724,true,100.000,false,114
h29-10-22,滋賀県,4,1,false,落,西沢こういち,西澤耕一,にしざわ,39,男,日本共産党,日本共産党,true,新,党滋賀県４区国政対策委員長,22896,false,,false,114
h29-10-22,滋賀県,4,2,true,当,小寺ひろお,小寺裕雄,こてら,57,男,自由民主党,自由民主党,true,新,会社役員,80114,true,100.000,false,114
h29-10-22,滋賀県,4,3,false,落,とくなが久志,徳永久志,ひさし,54,男,希望の党,希望の党,true,新,団体役員,64617,true,80.656,false,115
h29-10-22,京都府,1,1,true,当,伊吹文明,,いぶきぶんめい,79,男,自由民主党,自由民主党,true,前,京都市身体障害者団体連合会会長,88106,false,,false,115
h29-10-22,京都府,1,2,false,落,こくた恵二,穀田恵二,けいじ,70,男,日本共産党,日本共産党,true,前,党国会対策委員長,61938,true,70.299,false,115
h29-10-22,京都府,1,3,false,落,しまむら聖子,嶋村聖子,せいこ,40,女,希望の党,希望の党,true,新,フリーアナウンサー,36134,true,41.011,false,115
h29-10-22,京都府,2,1,false,落,ちさか拓晃,地坂拓晃,たくあき,44,男,日本共産党,日本共産党,true,新,日本共産党京都府委員会常任委員,28600,true,43.677,false,115
h29-10-22,京都府,2,2,false,落,しげもとまもる,繁本護,,44,男,自由民主党,自由民主党,true,新,政党役員,40336,true,61.600,false,115
h29-10-22,京都府,2,3,true,当,まえはら誠司,前原誠司,せいじ,55,男,（無所属）,無所属,false,前,政党役員,65480,false,,false,115
h29-10-22,京都府,3,1,true,当,泉ケンタ,泉健太,いずみ,43,男,希望の党,希望の党,true,前,政党役員,63013,true,100.000,false,115
h29-10-22,京都府,3,2,false,落,金森とおる,金森亨,かなもり,61,男,日本共産党,日本共産党,true,新,日本共産党京都府委員会書記長,26420,false,,false,115
h29-10-22,京都府,3,3,false,落,森なつえ,森夏枝,もり,36,女,日本維新の会,日本維新の会,true,新,政党役員,16511,true,26.202,false,115
h29-10-22,京都府,3,4,false,落,木村やよい,木村弥生,きむら,52,女,自由民主党,自由民主党,true,前,看護師,56534,true,89.717,false,115
h29-10-22,京都府,3,5,false,落,小田切新一郎,,おだぎりしんいちろう,71,男,（無所属）,無所属,false,新,無職,2059,false,,false,115
h29-10-22,京都府,4,1,false,落,吉田幸一,,よしだこういち,43,男,日本共産党,日本共産党,true,新,日本共産党役員,38219,false,,false,115
h29-10-22,京都府,4,2,false,落,北神圭朗,,きたがみけいろう,50,男,希望の党,希望の党,true,前,政党役員,71068,true,85.330,false,115
h29-10-22,京都府,4,3,false,落,えん田ゆき,縁田有紀,だ,27,女,（幸福実現党）,幸福実現党,false,新,幸福実現党京都府本部第四支部長,3606,false,,false,115
h29-10-22,京都府,4,4,true,当,田中ひでゆき,田中英之,たなか,47,男,自由民主党,自由民主党,true,前,政党役員,83286,true,100.000,false,115
h29-10-22,京都府,5,1,false,落,井上かずのり,井上一徳,いのうえ,55,男,希望の党,希望の党,true,新,無職,19586,true,32.493,false,115
h29-10-22,京都府,5,2,false,落,中山やすし,中山泰,なかやま,57,男,（無所属）,無所属,false,新,一般社団法人地方創生戦略機構代表理事,30665,false,,false,115
h29-10-22,京都府,5,3,false,落,山内健,,やまうちけん,49,男,日本共産党,日本共産党,true,新,京都５区国政委員長,21234,false,,false,115
h29-10-22,京都府,5,4,false,落,鈴木まりこ,鈴木麻理子,すずき,33,女,（無所属）,無所属,false,新,自由党衆議院京都府第５区総支部長,7464,false,,false,115
h29-10-22,京都府,5,5,true,当,本田太郎,,ほんだたろう,43,男,自由民主党,自由民主党,true,新,弁護士,60277,true,100.000,false,115
h29-10-22,京都府,6,1,false,落,やまのい和則,山井和則,かずのり,55,男,希望の党,希望の党,true,前,政党役員,100338,true,98.392,false,115
h29-10-22,京都府,6,2,false,落,かみじょう亮一,上條亮一,りょういち,31,男,日本共産党,日本共産党,true,新,政党役員,34998,false,,false,115
h29-10-22,京都府,6,3,true,当,あんどう裕,安藤裕,ひろし,52,男,自由民主党,自由民主党,true,前,政党役員,101977,true,100.000,false,115
h29-10-22,大阪府,1,1,false,落,井上ひでたか,井上英孝,いのうえ,45,男,日本維新の会,日本維新の会,true,前,政党役員,66506,true,98.166,false,115
h29-10-22,大阪府,1,2,true,当,大西ひろゆき,大西宏幸,おおにし,50,男,自由民主党,自由民主党,true,前,選挙区支部長,67748,true,100.000,false,116
h29-10-22,大阪府,1,3,false,落,小泉しゅうへい,小泉修平,こいずみ,70,男,（日本新党）,日本新党,false,新,経営コンサルタント,5291,false,,false,116
h29-10-22,大阪府,1,4,false,落,村上のりあつ,村上賀厚,むらかみ,58,男,立憲民主党,立憲民主党,true,新,会社役員,26140,true,38.584,false,116
h29-10-22,大阪府,1,5,false,落,しば山のぼる,柴山昇,やま,63,男,日本共産党,日本共産党,true,新,日本共産党大阪１区国政対策委員長,14498,false,,false,116
h29-10-22,大阪府,2,1,false,落,尾かな子,,おつじこ,42,女,立憲民主党,立憲民主党,true,新,政党役員,48018,true,52.513,false,116
h29-10-22,大阪府,2,2,false,落,しいき保,椎木保,たもつ,51,男,日本維新の会,日本維新の会,true,前,政党役員,68844,true,75.289,false,116
h29-10-22,大阪府,2,3,true,当,左藤章,,さとうあきら,66,男,自由民主党,自由民主党,true,前,選挙区支部長,91439,true,100.000,false,116
h29-10-22,大阪府,3,1,false,落,わたなべ結,渡部結,ゆい,36,女,日本共産党,日本共産党,true,新,党准中央委員,54958,true,65.498,false,116
h29-10-22,大阪府,3,2,true,当,佐藤しげき,佐藤茂樹,さとう,58,男,公明党,公明党,true,前,無職,83907,false,,false,116
h29-10-22,大阪府,3,3,false,落,中条栄太郎,,ちゅうじょうえいたろう,48,男,（無所属）,無所属,false,新,株式会社代表取締役,16231,false,,false,116
h29-10-22,大阪府,4,1,true,当,中山泰秀,,なかやまやすひで,47,男,自由民主党,自由民主党,true,前,党大阪府支部連合会会長,80083,true,100.000,false,116
h29-10-22,大阪府,4,2,false,落,清水ただし,清水忠史,しみず,49,男,日本共産党,日本共産党,true,前,党准中央委員,36825,true,45.983,false,116
h29-10-22,大阪府,4,3,false,落,ミノベテルオ,美延映夫,,56,男,日本維新の会,日本維新の会,true,新,自営業,72446,true,90.463,false,116
h29-10-22,大阪府,5,1,false,落,数森けいご,數森圭吾,かずもり,38,男,（幸福実現党）,幸福実現党,false,新,幸福実現党職員,9522,false,,false,116
h29-10-22,大阪府,5,2,true,当,国重とおる,国重徹,くにしげ,42,男,公明党,公明党,true,前,弁護士,91514,false,,false,116
h29-10-22,大阪府,5,3,false,落,ながお秀樹,長尾秀樹,ひでき,65,男,立憲民主党,立憲民主党,true,新,無職,45313,true,49.514,false,116
h29-10-22,大阪府,5,4,false,落,北山良三,,きたやまりょうぞう,65,男,日本共産党,日本共産党,true,新,党大阪５区国政対策委員長,31429,false,,false,116
h29-10-22,大阪府,6,1,false,落,村上史好,,むらかみふみよし,65,男,立憲民主党,立憲民主党,true,元,政党役員,66536,true,63.944,false,116
h29-10-22,大阪府,6,2,true,当,いさ進一,伊佐進一,しんいち,42,男,公明党,公明党,true,前,政党役員,104052,false,,false,116
h29-10-22,大阪府,7,1,false,落,奥下たけみつ,奥下剛光,おくした,42,男,日本維新の会,日本維新の会,true,新,会社役員,66780,true,81.105,false,116
h29-10-22,大阪府,7,2,true,当,とかしきなおみ,渡嘉敷奈緒美,,55,女,自由民主党,自由民主党,true,前,環境副大臣,82337,true,100.000,false,116
h29-10-22,大阪府,7,3,false,落,村口くみ子,村口久美子,むらぐちこ,45,女,日本共産党,日本共産党,true,新,党大阪７区国政対策委員長,39602,false,,false,116
h29-10-22,大阪府,8,1,false,落,松井博史,,まついひろふみ,49,男,立憲民主党,立憲民主党,true,新,特定非営利活動法人理事,31197,true,46.525,false,116
h29-10-22,大阪府,8,2,true,当,大塚たかし,大塚高司,おおつか,53,男,自由民主党,自由民主党,true,前,政党役員,67054,true,100.000,false,116
h29-10-22,大阪府,8,3,false,落,木下智彦,,きのしたともひこ,48,男,日本維新の会,日本維新の会,true,前,政党役員,57187,true,85.284,false,116
h29-10-22,大阪府,8,4,false,落,あらい真,新居眞,まこと,57,男,日本共産党,日本共産党,true,新,日本共産党豊中地区副委員長,15197,false,,false,117
h29-10-22,大阪府,9,1,false,落,服部良一,,はっとりりょういち,67,男,社会民主党,社会民主党,true,元,政党役員,44589,true,47.701,false,117
h29-10-22,大阪府,9,2,false,落,あだち康史,足立康史,やすし,52,男,日本維新の会,日本維新の会,true,前,政党役員,91438,true,97.820,false,117
h29-10-22,大阪府,9,3,true,当,原田けんじ,原田憲治,はらだ,69,男,自由民主党,自由民主党,true,前,政党役員,93475,true,100.000,false,117
h29-10-22,大阪府,10,1,true,当,元清美,,つじもときよみ,57,女,立憲民主党,立憲民主党,true,前,無職,75788,true,100.000,false,117
h29-10-22,大阪府,10,2,false,落,おおくま和英,大隈和英,かずひで,48,男,自由民主党,自由民主党,true,前,選挙区支部長,56483,true,74.527,false,117
h29-10-22,大阪府,10,3,false,落,松浪ケンタ,松浪健太,まつなみ,46,男,日本維新の会,日本維新の会,true,前,政党役員,44938,true,59.294,false,117
h29-10-22,大阪府,11,1,true,当,平野博文,,ひらのひろふみ,68,男,（無所属）,無所属,false,前,政党役員,76144,false,,false,117
h29-10-22,大阪府,11,2,false,落,いとう信久,伊東信久,のぶひさ,53,男,日本維新の会,日本維新の会,true,前,医療法人理事長,61859,true,81.239,false,117
h29-10-22,大阪府,11,3,false,落,佐藤ゆかり,,さとう,56,女,自由民主党,自由民主党,true,前,選挙区支部長,69366,true,91.098,false,117
h29-10-22,大阪府,12,1,false,落,藤田文武,,ふじたふみたけ,36,男,日本維新の会,日本維新の会,true,新,会社役員,64530,true,90.108,false,117
h29-10-22,大阪府,12,2,false,落,松尾まさのり,松尾正利,まつお,58,男,日本共産党,日本共産党,true,新,党大阪１２区国政対策委員長,22858,false,,false,117
h29-10-22,大阪府,12,3,true,当,北川ともかつ,北川知克,きたがわ,65,男,自由民主党,自由民主党,true,前,選挙区支部長,71614,true,100.000,false,117
h29-10-22,大阪府,13,1,false,落,西野こういち,西野弘一,にしの,48,男,（無所属）,無所属,false,元,個人事業主,23584.920,false,,false,117
h29-10-22,大阪府,13,2,true,当,むねきよ皇一,宗清皇一,こういち,47,男,自由民主党,自由民主党,true,前,選挙区支部長,74662.079,true,100.000,false,117
h29-10-22,大阪府,13,3,false,落,長岡よしかず,長岡嘉一,ながおか,48,男,日本共産党,日本共産党,true,新,党大阪１３区国政対策委員長,16399,false,,false,117
h29-10-22,大阪府,13,4,false,落,青野よしあき,青野剛暁,あおの,43,男,日本維新の会,日本維新の会,true,新,政党役員,52033,true,69.691,false,117
h29-10-22,大阪府,13,5,false,落,かん英紀,姜英紀,ひでき,45,男,立憲民主党,立憲民主党,true,新,政党役員,14568,true,,true,117
h29-10-22,大阪府,14,1,false,落,小松ひさし,小松久,こまつ,60,男,日本共産党,日本共産党,true,新,党大阪１４区国政対策委員長,36102,false,,false,117
h29-10-22,大阪府,14,2,false,落,谷畑孝,,たにはたたかし,70,男,日本維新の会,日本維新の会,true,前,政党役員,77696.430,true,97.912,false,117
h29-10-22,大阪府,14,3,true,当,長尾たかし,長尾敬,ながお,54,男,自由民主党,自由民主党,true,前,選挙区支部長,79352.566,true,100.000,false,117
h29-10-22,大阪府,15,1,true,当,竹本直一,,たけもとなおかず,76,男,自由民主党,自由民主党,true,前,選挙区支部長,81968,false,,false,117
h29-10-22,大阪府,15,2,false,落,ため仁史,爲仁史,きみひと,68,男,日本共産党,日本共産党,true,新,日本共産党１５区くらし相談室長,30733,false,,false,117
h29-10-22,大阪府,15,3,false,落,うらの靖人,浦野靖人,やすと,44,男,日本維新の会,日本維新の会,true,前,団体役員,74368,true,90.728,false,117
h29-10-22,大阪府,16,1,false,落,森山ひろゆき,森山浩行,もりやま,46,男,立憲民主党,立憲民主党,true,元,政党役員,65780,true,85.058,false,118
h29-10-22,大阪府,16,2,true,当,北がわ一雄,北側一雄,きたかずお,64,男,公明党,公明党,true,前,弁護士,77335,false,,false,118
h29-10-22,大阪府,17,1,false,落,岡下昌平,,おかしたしょうへい,42,男,自由民主党,自由民主党,true,前,選挙区支部長,58534,true,89.464,false,118
h29-10-22,大阪府,17,2,true,当,馬場伸幸,,ばばのぶゆき,52,男,日本維新の会,日本維新の会,true,前,政党役員,65427,true,100.000,false,118
h29-10-22,大阪府,17,3,false,落,藤本さちこ,藤本幸子,ふじもと,42,女,日本共産党,日本共産党,true,新,日本共産党大阪１７区国政対策委員長,26337,false,,false,118
h29-10-22,大阪府,18,1,true,当,遠藤たかし,遠藤敬,えんどう,49,男,日本維新の会,日本維新の会,true,前,団体役員,87070,true,100.000,false,118
h29-10-22,大阪府,18,2,false,落,やの忠重,矢野忠重,ただしげ,67,男,日本共産党,日本共産党,true,新,党大阪１８区国政対策委員長,29164,false,,false,118
h29-10-22,大阪府,18,3,false,落,かみたに昇,神谷昇,のぼる,68,男,自由民主党,自由民主党,true,前,選挙区支部長,80198,true,92.107,false,118
h29-10-22,大阪府,19,1,false,落,谷川とむ,谷川與秀,たにがわ,41,男,自由民主党,自由民主党,true,前,選挙区支部長,57833,true,86.690,false,118
h29-10-22,大阪府,19,2,true,当,丸山ほだか,丸山穂高,まるやま,33,男,日本維新の会,日本維新の会,true,前,政党役員,66712,true,100.000,false,118
h29-10-22,大阪府,19,3,false,落,北村みき,,きたむら,51,女,日本共産党,日本共産党,true,新,党大阪１９区国政対策委員長,18373,false,,false,118
h29-10-22,兵庫県,1,1,false,落,りきしげ智之,力重智之,ともゆき,39,男,日本共産党,日本共産党,true,新,日本共産党兵庫県委員会職員,21454,false,,false,118
h29-10-22,兵庫県,1,2,false,落,梅村さとし,梅村聡,うめむら,42,男,日本維新の会,日本維新の会,true,新,医療法人社団適塾会理事長,29660,true,41.274,false,118
h29-10-22,兵庫県,1,3,true,当,もりやま正仁,盛山正仁,まさひと,63,男,自由民主党,自由民主党,true,前,選挙区支部長,71861,true,100.000,false,118
h29-10-22,兵庫県,1,4,false,落,いさか信彦,井坂信彦,のぶひこ,43,男,希望の党,希望の党,true,前,行政書士,59191,true,82.368,false,118
h29-10-22,兵庫県,2,1,false,落,ふなかわ治郎,舩川治郎,じろう,50,男,（無所属）,無所属,false,新,株式会社Vst代表取締役,41238,false,,false,118
h29-10-22,兵庫県,2,2,true,当,赤羽かずよし,赤羽一嘉,あかば,59,男,公明党,公明党,true,前,公明党兵庫県本部代表,89349,false,,false,118
h29-10-22,兵庫県,2,3,false,落,平松順子,,ひらまつじゅんこ,68,女,日本共産党,日本共産党,true,新,日本共産党兵庫県委員会職員,39502,true,44.210,false,118
h29-10-22,兵庫県,3,1,false,落,ふじたに香恵子,冨士谷香恵子,かえこ,65,女,日本共産党,日本共産党,true,新,無職,23762,false,,false,118
h29-10-22,兵庫県,3,2,false,落,まつき秀一郎,松木秀一郎,しゅういちろう,33,男,日本維新の会,日本維新の会,true,新,無職,26280,true,36.080,false,118
h29-10-22,兵庫県,3,3,true,当,せきよしひろ,関芳弘,,52,男,自由民主党,自由民主党,true,前,選挙区支部長,72838,true,100.000,false,118
h29-10-22,兵庫県,3,4,false,落,よこはた和幸,横畑和幸,かずゆき,45,男,希望の党,希望の党,true,新,小規模作業所ネットワーク神戸NPO法人WA顧問,28852,true,39.611,false,118
h29-10-22,兵庫県,4,1,true,当,ふじいひさゆき,藤井比早之,,46,男,自由民主党,自由民主党,true,前,選挙区支部長,120189,true,100.000,false,118
h29-10-22,兵庫県,4,2,false,落,佐藤やすき,佐藤泰樹,さとう,46,男,（無所属）,無所属,false,新,民進党兵庫県第４区総支部長,26635,false,,false,118
h29-10-22,兵庫県,4,3,false,落,野口たけみつ,野口威光,のぐち,43,男,希望の党,希望の党,true,新,浄土宗寺院副住職,37344,true,31.071,false,118
h29-10-22,兵庫県,4,4,false,落,おおすぎ鉄夫,大椙鉄夫,てつお,69,男,日本共産党,日本共産党,true,新,日本共産党神戸西地区委員会職員,23513,false,,false,119
h29-10-22,兵庫県,5,1,false,落,西中たかお,西中孝男,にしなか,68,男,日本共産党,日本共産党,true,新,日本共産党阪神北地区委員会職員,24104,false,,false,119
h29-10-22,兵庫県,5,2,false,落,梶原やすひろ,梶原康弘,かじわら,61,男,希望の党,希望の党,true,元,株式会社テクノワーク代表取締役社長,69369,true,56.232,false,119
h29-10-22,兵庫県,5,3,true,当,谷公一,,たにこういち,65,男,自由民主党,自由民主党,true,前,選挙区支部長,123360,true,100.000,false,119
h29-10-22,兵庫県,6,1,false,落,いくむら奈応子,幾村奈応子,なおこ,37,女,希望の党,希望の党,true,新,株式会社イーピーシ顧問,22338,true,,true,119
h29-10-22,兵庫県,6,2,false,落,桜井シュウ,櫻井周,さくらい,47,男,立憲民主党,立憲民主党,true,新,弁理士,69878,true,74.638,false,119
h29-10-22,兵庫県,6,3,false,落,いちむら浩一郎,市村浩一郎,こういちろう,53,男,日本維新の会,日本維新の会,true,元,IT関連企業アドバイザリー,38398,true,41.013,false,119
h29-10-22,兵庫県,6,4,true,当,大串まさき,大串正樹,おおぐし,51,男,自由民主党,自由民主党,true,前,経済産業大臣政務官,93622,true,100.000,false,119
h29-10-22,兵庫県,7,1,false,落,上田さち子,上田幸子,うえだこ,69,女,日本共産党,日本共産党,true,新,無職,36627,false,,false,119
h29-10-22,兵庫県,7,2,false,落,はたなか光成,畠中光成,みつなり,45,男,希望の党,希望の党,true,元,大樹グリーンサポート株式会社研究員,41219,true,43.135,false,119
h29-10-22,兵庫県,7,3,false,落,三木けえ,三木圭恵,みき,51,女,日本維新の会,日本維新の会,true,元,日本維新の会衆議院兵庫県第７選挙区支部長,41331,true,43.252,false,119
h29-10-22,兵庫県,7,4,true,当,やまだ賢司,山田賢司,けんじ,51,男,自由民主党,自由民主党,true,前,選挙区支部長,95558,true,100.000,false,119
h29-10-22,兵庫県,8,1,false,落,堀内照文,,ほりうちてるふみ,44,男,日本共産党,日本共産党,true,前,無職,53964,true,57.337,false,119
h29-10-22,兵庫県,8,2,true,当,中野ひろまさ,中野洋昌,なかの,39,男,公明党,公明党,true,前,公明党国会対策副委員長,94116,false,,false,119
h29-10-22,兵庫県,9,1,true,当,西村やすとし,西村康稔,にしむら,55,男,自由民主党,自由民主党,true,前,内閣官房副長官,122026,true,100.000,false,119
h29-10-22,兵庫県,9,2,false,落,きくち憲之,菊地憲之,のりゆき,61,男,（無所属）,無所属,false,新,新社会党兵庫県本部書記長,22497,false,,false,119
h29-10-22,兵庫県,9,3,false,落,かわとやすし,川戸康嗣,,42,男,希望の党,希望の党,true,新,株式会社ヒューマンドリーム社,30937,true,25.352,false,119
h29-10-22,兵庫県,10,1,true,当,とかい紀三朗,渡海紀三朗,きさぶろう,69,男,自由民主党,自由民主党,true,前,選挙区支部長,94205,true,100.000,false,119
h29-10-22,兵庫県,10,2,false,落,金田峰生,,かねだみねお,52,男,日本共産党,日本共産党,true,新,日本共産党兵庫県委員会職員,24885,false,,false,119
h29-10-22,兵庫県,10,3,false,落,つげあつひと,柘植厚人,,45,男,希望の党,希望の党,true,新,株式会社プロクリ取締役,38072,true,40.413,false,119
h29-10-22,兵庫県,11,1,false,落,長安たかし,長安豊,ながやす,49,男,希望の党,希望の党,true,元,無職,37783,true,34.542,false,119
h29-10-22,兵庫県,11,2,true,当,松本たけあき,松本剛明,まつもと,58,男,自由民主党,自由民主党,true,前,選挙区支部長,109381,true,100.000,false,119
h29-10-22,兵庫県,11,3,false,落,稲村さとる,稲村知,いなむら,57,男,日本共産党,日本共産党,true,新,日本共産党西播地区委員会職員,20355,false,,false,119
h29-10-22,兵庫県,12,1,false,落,池畑こうたろう,池畑浩太朗,いけはた,43,男,希望の党,希望の党,true,新,ファルコモンテコーポレーション有限会社代表取締役,38388,true,39.105,false,119
h29-10-22,兵庫県,12,2,true,当,山口つよし,山口壯,やまぐち,63,男,自由民主党,自由民主党,true,前,選挙区支部長,98166,true,100.000,false,120
h29-10-22,兵庫県,12,3,false,落,堀ゆずる,堀讓,ほり,67,男,日本共産党,日本共産党,true,新,日本共産党西播地区委員会職員,19756,false,,false,120
h29-10-22,奈良県,1,1,false,落,井上良子,池永良子,いのうえよしこ,53,女,日本共産党,日本共産党,true,新,日本共産党奈良県国政事務所長,21782,true,,true,120
h29-10-22,奈良県,1,2,true,当,小林しげき,小林茂樹,こばやし,53,男,自由民主党,自由民主党,true,元,選挙区支部長,90558,true,100.000,false,120
h29-10-22,奈良県,1,3,false,落,よしの忠男,吉野忠男,ただお,58,男,日本維新の会,日本維新の会,true,新,大阪経済大学教授,21484,true,,true,120
h29-10-22,奈良県,1,4,false,落,まぶちすみお,馬淵澄夫,,57,男,希望の党,希望の党,true,前,政党役員,88082,true,97.265,false,120
h29-10-22,奈良県,2,1,false,落,松本まさゆき,松本昌之,まつもと,34,男,希望の党,希望の党,true,新,弁護士,52384,true,42.072,false,120
h29-10-22,奈良県,2,2,false,落,しもとり純一,霜鳥純一,じゅんいち,56,男,日本共産党,日本共産党,true,新,団体職員,30356,false,,false,120
h29-10-22,奈良県,2,3,true,当,高市早苗,髙市早苗,たかいちさなえ,56,女,自由民主党,自由民主党,true,前,選挙区支部長,124508,true,100.000,false,120
h29-10-22,奈良県,3,1,true,当,たのせ太道,田野瀬太道,たいどう,43,男,自由民主党,自由民主党,true,前,選挙区支部長,122341,true,100.000,false,120
h29-10-22,奈良県,3,2,false,落,所すすむ,所進,ところ,38,男,日本共産党,日本共産党,true,新,病院職員,20469,false,,false,120
h29-10-22,奈良県,3,3,false,落,前川きよしげ,前川清成,まえかわ,54,男,希望の党,希望の党,true,新,弁護士,55721,true,45.545,false,120
h29-10-22,和歌山県,1,1,false,落,原やすひさ,原矢寸久,はら,66,男,日本共産党,日本共産党,true,新,党県副委員長,14372,true,,true,120
h29-10-22,和歌山県,1,2,true,当,岸本周平,,きしもとしゅうへい,61,男,希望の党,希望の党,true,前,政党役員,72517,true,100.000,false,120
h29-10-22,和歌山県,1,3,false,落,かど博文,門博文,ひろふみ,52,男,自由民主党,自由民主党,true,前,選挙区支部長,57111,true,78.755,false,120
h29-10-22,和歌山県,2,1,false,落,下村まさひろ,下村雅洋,しもむら,62,男,日本共産党,日本共産党,true,新,政党役員,16520,false,,false,120
h29-10-22,和歌山県,2,2,false,落,栄たかのり,栄隆則,さかえ,53,男,日本維新の会,日本維新の会,true,新,会社役員,16175.886,true,21.348,false,120
h29-10-22,和歌山県,2,3,true,当,石田真敏,,いしだまさとし,65,男,自由民主党,自由民主党,true,前,選挙区支部長,75772,true,100.000,false,120
h29-10-22,和歌山県,2,4,false,落,坂田たかのり,坂田隆徳,さかた,38,男,希望の党,希望の党,true,新,政党役員,21395.107,true,28.236,false,120
h29-10-22,和歌山県,3,1,false,落,くすもと文郎,楠本文郎,ふみろう,63,男,日本共産党,日本共産党,true,新,政党役員,40608,false,,false,120
h29-10-22,和歌山県,3,2,true,当,にかい俊博,二階俊博,としひろ,78,男,自由民主党,自由民主党,true,前,政党役員,109488,false,,false,120
h29-10-22,鳥取県,1,1,false,落,塚田なるゆき,塚田成幸,つかだ,53,男,日本共産党,日本共産党,true,新,政党役員,20829,false,,false,120
h29-10-22,鳥取県,1,2,true,当,石破しげる,石破茂,いしば,60,男,自由民主党,自由民主党,true,前,無職,106425,true,100.000,false,120
h29-10-22,鳥取県,2,1,false,落,福住ひでゆき,福住英行,ふくずみ,41,男,日本共産党,日本共産党,true,新,政党役員,10271,false,,false,120
h29-10-22,鳥取県,2,2,false,落,湯原俊二,,ゆはらしゅんじ,54,男,希望の党,希望の党,true,元,政党役員,53312,true,73.203,false,121
h29-10-22,鳥取県,2,3,true,当,赤沢りょうせい,赤澤亮正,あかざわ,56,男,自由民主党,自由民主党,true,前,自由民主党選挙区支部長,72827,true,100.000,false,121
h29-10-22,島根県,1,1,true,当,細田博之,,ほそだひろゆき,73,男,自由民主党,自由民主党,true,前,政党役員,95513,false,,false,121
h29-10-22,島根県,1,2,false,落,亀井あきこ,亀井亜紀子,かめい,52,女,立憲民主党,立憲民主党,true,新,政党役員,65285,true,68.351,false,121
h29-10-22,島根県,2,1,false,落,福原宗男,,ふくはらむねお,70,男,社会民主党,社会民主党,true,新,農業,35576,true,28.845,false,121
h29-10-22,島根県,2,2,true,当,竹下わたる,竹下亘,たけした,70,男,自由民主党,自由民主党,true,前,選挙区支部長,123332,true,100.000,false,121
h29-10-22,島根県,2,3,false,落,むこせ慎一,向瀬慎一,しんいち,46,男,日本共産党,日本共産党,true,新,党西部地区委員長,22938,false,,false,121
h29-10-22,岡山県,1,1,true,当,あいさわ一郎,沢一郎,いちろう,63,男,自由民主党,自由民主党,true,前,選挙区支部長,87272,true,100.000,false,121
h29-10-22,岡山県,1,2,false,落,高井たかし,高井崇志,たかい,48,男,立憲民主党,立憲民主党,true,前,会社役員,56757,true,65.034,false,121
h29-10-22,岡山県,1,3,false,落,はちや弘美,蜂谷弘美,ひろみ,61,女,希望の党,希望の党,true,新,政党役員,21551,true,24.694,false,121
h29-10-22,岡山県,2,1,true,当,山下たかし,山下貴司,やました,52,男,自由民主党,自由民主党,true,前,弁護士,73150,true,100.000,false,121
h29-10-22,岡山県,2,2,false,落,垣内京美,,かきうちきょうみ,51,女,日本共産党,日本共産党,true,新,政党役員,13518,true,,true,121
h29-10-22,岡山県,2,3,false,落,たなべ雄治,田部雄治,ゆうじ,41,男,（幸福実現党）,幸福実現党,false,新,団体職員,1793,false,,false,121
h29-10-22,岡山県,2,4,false,落,津村啓介,,つむらけいすけ,45,男,希望の党,希望の党,true,前,政党役員,54591,true,74.628,false,121
h29-10-22,岡山県,3,1,false,落,尾崎ひろ子,尾﨑宏子,おざきこ,61,女,日本共産党,日本共産党,true,新,政党職員,15424,false,,false,121
h29-10-22,岡山県,3,2,false,落,内山あきら,内山晃,うちやま,63,男,希望の党,希望の党,true,元,社会保険労務士,21970,true,36.931,false,121
h29-10-22,岡山県,3,3,false,落,平沼正二郎,,ひらぬましょうじろう,37,男,（無所属）,無所属,false,新,リブート株式会社代表取締役,55947,false,,false,121
h29-10-22,岡山県,3,4,true,当,あべ俊子,阿部俊子,としこ,58,女,（無所属）,無所属,false,前,政党役員,59488,false,,false,121
h29-10-22,岡山県,4,1,true,当,橋本がく,橋本岳,はしもと,43,男,自由民主党,自由民主党,true,前,自由民主党岡山県支部連合会会長,93172,true,100.000,false,121
h29-10-22,岡山県,4,2,false,落,柚木みちよし,柚木道義,ゆのき,45,男,希望の党,希望の党,true,前,政党役員,72280,true,77.576,false,121
h29-10-22,岡山県,4,3,false,落,平林明成,,ひらばやしあきなり,62,男,日本共産党,日本共産党,true,新,無職,13907,false,,false,121
h29-10-22,岡山県,5,1,false,落,みいみ芳明,美見芳明,よしあき,60,男,日本共産党,日本共産党,true,新,党西部地区委員長,13649,false,,false,121
h29-10-22,岡山県,5,2,false,落,たるい良和,井良和,よしかず,50,男,希望の党,希望の党,true,元,有限会社やったるいモード代表取締役,26901,true,26.711,false,121
h29-10-22,岡山県,5,3,true,当,加藤勝信,,かとうかつのぶ,61,男,自由民主党,自由民主党,true,前,選挙区支部長,100708,true,100.000,false,121
h29-10-22,広島県,1,1,true,当,岸田文雄,,きしだふみお,60,男,自由民主党,自由民主党,true,前,自由民主党広島県第一選挙区支部長,113239,true,100.000,false,122
h29-10-22,広島県,1,2,false,落,大西オサム,大西理,おおにし,51,男,日本共産党,日本共産党,true,新,政党職員,32011,false,,false,122
h29-10-22,広島県,2,1,true,当,平口ひろし,平口洋,ひらぐち,69,男,自由民主党,自由民主党,true,前,自由民主党広島県第二選挙区支部長,96718,true,100.000,false,122
h29-10-22,広島県,2,2,false,落,水野よしひろ,水野善丈,みずの,26,男,（幸福実現党）,幸福実現党,false,新,幸福実現党広島県本部代表,2403,false,,false,122
h29-10-22,広島県,2,3,false,落,はいおか香奈,灰岡香奈,かな,34,女,日本維新の会,日本維新の会,true,新,政党役員,18128,true,,true,122
h29-10-22,広島県,2,4,false,落,藤本さとし,藤本聡志,ふじもと,63,男,日本共産党,日本共産党,true,新,政党役員,16393,false,,false,122
h29-10-22,広島県,2,5,false,落,松本大輔,,まつもとだいすけ,46,男,希望の党,希望の党,true,元,政党役員,68309,true,70.626,false,122
h29-10-22,広島県,3,1,false,落,塩村あやか,塩村文夏,しおむら,39,女,（無所属）,無所属,false,新,団体役員,61976,false,,false,122
h29-10-22,広島県,3,2,true,当,河井克行,,かわいかつゆき,54,男,自由民主党,自由民主党,true,前,自由民主党広島県第三選挙区支部長,82998,true,100.000,false,122
h29-10-22,広島県,3,3,false,落,野村まさてる,野村昌央,のむら,35,男,（幸福実現党）,幸福実現党,false,新,幸福実現党広島県本部副代表,2720,false,,false,122
h29-10-22,広島県,3,4,false,落,今枝仁,,いまえだじん,47,男,日本維新の会,日本維新の会,true,新,弁護士法人代表,23779,true,28.650,false,122
h29-10-22,広島県,3,5,false,落,玉田憲勲,,たまだのりたか,60,男,（無所属）,無所属,false,新,医師,1978,false,,false,122
h29-10-22,広島県,3,6,false,落,西本昭彦,,にしもとあきひこ,72,男,（無所属）,無所属,false,新,農業,1753,false,,false,122
h29-10-22,広島県,4,1,false,落,中石ひとし,中石仁,なかいし,54,男,日本共産党,日本共産党,true,新,日本共産党広島市東地区委員会常任委員,10884,false,,false,122
h29-10-22,広島県,4,2,false,落,空本せいき,空本誠喜,そらもと,53,男,日本維新の会,日本維新の会,true,元,会社役員,28562,true,44.001,false,122
h29-10-22,広島県,4,3,true,当,新谷正義,,しんたにまさよし,42,男,自由民主党,自由民主党,true,前,医師,64911,true,100.000,false,122
h29-10-22,広島県,4,4,false,落,落合洋司,,おちあいようじ,53,男,（無所属）,無所属,false,新,弁護士,7210,false,,false,122
h29-10-22,広島県,4,5,false,落,えびす圭二,恵飛須圭二,けいじ,34,男,（無所属）,無所属,false,新,団体役員,20366,false,,false,122
h29-10-22,広島県,4,6,false,落,上野かんじ,上野寛治,うえの,35,男,希望の党,希望の党,true,新,株式会社はーとふるケアサービス社員,16803,true,25.886,false,122
h29-10-22,広島県,5,1,false,落,尾崎ひかる,尾﨑光,おざき,64,男,日本共産党,日本共産党,true,新,政党役員,14356,false,,false,122
h29-10-22,広島県,5,2,true,当,てらだ稔,寺田稔,みのる,59,男,自由民主党,自由民主党,true,前,自由民主党広島県第五選挙区支部長,86193,true,100.000,false,122
h29-10-22,広島県,5,3,false,落,はしもと琴絵,橋本琴絵,ことえ,28,女,希望の党,希望の党,true,新,政党役員,27912,true,32.383,false,122
h29-10-22,広島県,6,1,false,落,こじま敏文,小島敏文,としふみ,67,男,自由民主党,自由民主党,true,前,自由民主党広島県第六選挙区支部長,69209,true,80.836,false,122
h29-10-22,広島県,6,2,false,落,寺田あきみつ,寺田明充,てらだ,66,男,日本共産党,日本共産党,true,新,無職,14585,false,,false,122
h29-10-22,広島県,6,3,true,当,佐藤こうじ,佐藤公治,さとう,58,男,希望の党,希望の党,true,元,長谷建設株式会社取締役,85616,true,100.000,false,122
h29-10-22,広島県,7,1,false,落,さとう広典,佐藤広典,ひろのり,41,男,希望の党,希望の党,true,新,政党役員,54898,true,49.660,false,122
h29-10-22,広島県,7,2,true,当,小林史明,,こばやしふみあき,34,男,自由民主党,自由民主党,true,前,自由民主党広島県第七選挙区支部長,110547,true,100.000,false,123
h29-10-22,広島県,7,3,false,落,しげむら幸司,重村幸司,こうじ,66,男,日本共産党,日本共産党,true,新,日本共産党福山市委員会委員長,17384,false,,false,123
h29-10-22,山口県,1,1,false,落,五島博,,ごとうひろし,61,男,日本共産党,日本共産党,true,新,政党職員,17924,false,,false,123
h29-10-22,山口県,1,2,true,当,高村正大,,こうむらまさひろ,46,男,自由民主党,自由民主党,true,新,自由民主党山口県第一選挙区支部長,133221,true,100.000,false,123
h29-10-22,山口県,1,3,false,落,大内一也,,おおうちかずや,44,男,希望の党,希望の党,true,新,会社代表取締役,36582,true,27.459,false,123
h29-10-22,山口県,1,4,false,落,かわい美和子,河井美和子,みわこ,55,女,（幸福実現党）,幸福実現党,false,新,団体職員,5070,false,,false,123
h29-10-22,山口県,2,1,false,落,松田一志,,まつだかずし,60,男,日本共産党,日本共産党,true,新,政党職員,40051,false,,false,123
h29-10-22,山口県,2,2,true,当,岸信夫,,きしのぶお,58,男,自由民主党,自由民主党,true,前,自由民主党山口県第二選挙区支部長,113012,true,100.000,false,123
h29-10-22,山口県,3,1,true,当,河村建夫,,かわむらたけお,74,男,自由民主党,自由民主党,true,前,無職,103173,false,,false,123
h29-10-22,山口県,3,2,false,落,坂本史子,,さかもとふみこ,62,女,立憲民主党,立憲民主党,true,新,党役員,41497,true,40.220,false,123
h29-10-22,山口県,4,1,true,当,あべ晋三,安倍晋三,しんぞう,63,男,自由民主党,自由民主党,true,前,自由民主党総裁,104825,false,,false,123
h29-10-22,山口県,4,2,false,落,藤田ときお,藤田時雄,ふじた,63,男,希望の党,希望の党,true,新,政党役員,18567,true,17.712,false,123
h29-10-22,山口県,4,3,false,落,西岡広伸,,にしおかひろのぶ,54,男,日本共産党,日本共産党,true,新,政党職員,13721,false,,false,123
h29-10-22,山口県,4,4,false,落,黒川あつひこ,黒川敦彦,くろかわ,39,男,（無所属）,無所属,false,新,市民団体代表,6687,false,,false,123
h29-10-22,山口県,4,5,false,落,コオリ昭浩,郡昭浩,あきひろ,56,男,（無所属）,無所属,false,新,無職,645,false,,false,123
h29-10-22,徳島県,1,1,false,落,山本千代子,,やまもとちよこ,68,女,日本共産党,日本共産党,true,新,無職,15622,false,,false,123
h29-10-22,徳島県,1,2,true,当,後藤田まさずみ,後藤田正純,ごとうだ,48,男,自由民主党,自由民主党,true,前,自由民主党徳島県第一選挙区支部長,90281,true,100.000,false,123
h29-10-22,徳島県,1,3,false,落,にき博文,仁木博文,ひろぶみ,51,男,希望の党,希望の党,true,元,医師,69442,true,76.917,false,123
h29-10-22,徳島県,2,1,false,落,久保たかゆき,久保孝之,くぼ,54,男,日本共産党,日本共産党,true,新,日本共産党徳島地区委員長,25726,false,,false,123
h29-10-22,徳島県,2,2,true,当,山口俊一,,やまぐちしゅんいち,67,男,自由民主党,自由民主党,true,前,自由民主党徳島県第二選挙区支部長,81616,true,100.000,false,123
h29-10-22,徳島県,2,3,false,落,福山まさとし,福山正敏,ふくやま,46,男,（幸福実現党）,幸福実現党,false,新,団体職員,7671,false,,false,123
h29-10-22,香川県,1,1,false,落,小川じゅんや,小川淳也,おがわ,46,男,希望の党,希望の党,true,前,前衆議院議員,79383,true,97.323,false,123
h29-10-22,香川県,1,2,true,当,平井たくや,平井卓也,ひらい,59,男,自由民主党,自由民主党,true,前,自由民主党香川県第一選挙区支部長,81566,true,100.000,false,123
h29-10-22,香川県,2,1,false,落,せと隆一,瀬戸隆一,たかかず,52,男,自由民主党,自由民主党,true,前,自由民主党香川県第二選挙区支部長,59949,true,72.802,false,123
h29-10-22,香川県,2,2,true,当,たまき雄一郎,玉木雄一郎,ゆういちろう,48,男,希望の党,希望の党,true,前,前衆議院議員,82345,true,100.000,false,124
h29-10-22,香川県,2,3,false,落,河村ただし,河村整,かわむら,58,男,日本共産党,日本共産党,true,新,政党職員,6098,false,,false,124
h29-10-22,香川県,3,1,false,落,藤田伸二,,ふじたしんじ,62,男,社会民主党,社会民主党,true,新,社会民主党香川県連合常任幹事,36735,true,44.730,false,124
h29-10-22,香川県,3,2,true,当,大野敬太郎,,おおのけいたろう,48,男,自由民主党,自由民主党,true,前,自由民主党香川県第三選挙区支部長,82125,true,100.000,false,124
h29-10-22,愛媛県,1,1,true,当,塩崎やすひさ,塩崎恭久,しおざき,66,男,自由民主党,自由民主党,true,前,選挙区支部長,112930,true,100.000,false,124
h29-10-22,愛媛県,1,2,false,落,石本憲一,,いしもとけんいち,70,男,日本共産党,日本共産党,true,新,政党役員,18675,false,,false,124
h29-10-22,愛媛県,1,3,false,落,富永きよ,富永喜代,とみなが,50,女,希望の党,希望の党,true,新,富永ペインクリニック院長,42600,true,37.722,false,124
h29-10-22,愛媛県,2,1,false,落,西岡あらた,西岡新,にしおか,44,男,日本維新の会,日本維新の会,true,元,日本給食設備株式会社取締役,33894,true,54.216,false,124
h29-10-22,愛媛県,2,2,true,当,村上誠一郎,,むらかみせいいちろう,65,男,自由民主党,自由民主党,true,前,選挙区支部長,62516,true,100.000,false,124
h29-10-22,愛媛県,2,3,false,落,一色一正,,いっしきかずまさ,67,男,日本共産党,日本共産党,true,新,政党役員,10525,false,,false,124
h29-10-22,愛媛県,2,4,false,落,横山ひろゆき,横山博幸,よこやま,66,男,希望の党,希望の党,true,前,無職,21044,true,33.661,false,124
h29-10-22,愛媛県,3,1,false,落,白石ひろき,白石寛樹,しらいし,29,男,自由民主党,自由民主党,true,新,選挙区支部長,53910.096,true,75.952,false,124
h29-10-22,愛媛県,3,2,false,落,国田むつみ,國田睦,くにた,65,女,日本共産党,日本共産党,true,新,無職,6226,false,,false,124
h29-10-22,愛媛県,3,3,false,落,森田こうじ,森田浩二,もりた,57,男,（幸福実現党）,幸福実現党,false,新,団体職員,2641,false,,false,124
h29-10-22,愛媛県,3,4,true,当,白石洋一,,しらいしよういち,54,男,希望の党,希望の党,true,元,政党役員,70978.901,true,100.000,false,124
h29-10-22,愛媛県,4,1,true,当,山本公一,,やまもとこういち,70,男,自由民主党,自由民主党,true,前,選挙区支部長,80589,true,100.000,false,124
h29-10-22,愛媛県,4,2,false,落,桜内ふみき,桜内文城,さくらうち,52,男,希望の党,希望の党,true,元,公認会計士,56781,true,70.457,false,124
h29-10-22,愛媛県,4,3,false,落,西井直人,,にしいなおひと,60,男,日本共産党,日本共産党,true,新,政党役員,10748,false,,false,124
h29-10-22,高知県,1,1,false,落,大石宗,,おおいししゅう,37,男,希望の党,希望の党,true,新,無職,45190,true,55.329,false,124
h29-10-22,高知県,1,2,false,落,松本けんじ,仲江顕治,まつもと,33,男,日本共産党,日本共産党,true,新,団体職員,25542,false,,false,124
h29-10-22,高知県,1,3,true,当,中谷元,,なかたにげん,60,男,自由民主党,自由民主党,true,前,無職,81675,true,100.000,false,124
h29-10-22,高知県,2,1,true,当,広田一,,ひろたはじめ,49,男,（無所属）,無所属,false,新,会社役員,92179,false,,false,124
h29-10-22,高知県,2,2,false,落,山本有二,,やまもとゆうじ,65,男,自由民主党,自由民主党,true,前,自由民主党高知県第２選挙区支部支部長,71029,true,77.055,false,124
h29-10-22,福岡県,1,1,false,落,山本ごうせい,山本剛正,やまもと,45,男,立憲民主党,立憲民主党,true,元,政党役員,51063,true,52.223,false,124
h29-10-22,福岡県,1,2,false,落,石井ひでとし,石井英俊,いしい,41,男,希望の党,希望の党,true,新,NPO法人理事長,35870,true,36.685,false,125
h29-10-22,福岡県,1,3,false,落,立川孝彦,,たちかわたかひこ,66,男,日本共産党,日本共産党,true,新,政党役員,14158,false,,false,125
h29-10-22,福岡県,1,4,true,当,井上たかひろ,井上貴博,いのうえ,55,男,自由民主党,自由民主党,true,前,選挙区支部長,97777,true,100.000,false,125
h29-10-22,福岡県,2,1,true,当,おにき誠,鬼木誠,まこと,45,男,自由民主党,自由民主党,true,前,選挙区支部長,109098,true,100.000,false,125
h29-10-22,福岡県,2,2,false,落,いなとみ修二,稲富修二,しゅうじ,47,男,希望の党,希望の党,true,元,政党役員,100938,true,92.520,false,125
h29-10-22,福岡県,2,3,false,落,松尾りつ子,松尾律子,まつおこ,45,女,日本共産党,日本共産党,true,新,政党役員,17594,false,,false,125
h29-10-22,福岡県,3,1,false,落,山内康一,,やまうちこういち,44,男,立憲民主党,立憲民主党,true,元,政党役員,94772,true,69.430,false,125
h29-10-22,福岡県,3,2,true,当,古賀あつし,古賀篤,こが,45,男,自由民主党,自由民主党,true,前,選挙区支部長,136499,true,100.000,false,125
h29-10-22,福岡県,4,1,true,当,宮内ひでき,宮内秀樹,みやうち,55,男,自由民主党,自由民主党,true,前,選挙区支部長,104726,true,100.000,false,125
h29-10-22,福岡県,4,2,false,落,かわの正美,河野正美,まさみ,56,男,日本維新の会,日本維新の会,true,前,医師,51426,true,49.105,false,125
h29-10-22,福岡県,4,3,false,落,しんどめ清隆,新留清隆,きよたか,62,男,日本共産党,日本共産党,true,新,政党役員,32340,false,,false,125
h29-10-22,福岡県,5,1,true,当,原田よしあき,原田義昭,はらだ,73,男,自由民主党,自由民主党,true,前,弁護士,123758,true,100.000,false,125
h29-10-22,福岡県,5,2,false,落,くすだ大蔵,楠田大蔵,だいぞう,42,男,希望の党,希望の党,true,元,無職,96675,true,78.116,false,125
h29-10-22,福岡県,5,3,false,落,田中ようじ,田中陽二,たなか,61,男,日本共産党,日本共産党,true,新,政党職員,24715,false,,false,125
h29-10-22,福岡県,6,1,false,落,西原ただひろ,西原忠弘,にしはら,62,男,（幸福実現党）,幸福実現党,false,新,幸福実現党福岡県本部総務会長,6093,false,,false,125
h29-10-22,福岡県,6,2,false,落,小林とき子,小林解子,こばやしこ,37,女,日本共産党,日本共産党,true,新,政党役員,17451,false,,false,125
h29-10-22,福岡県,6,3,true,当,はとやま二郎,鳩山二郎,じろう,38,男,自由民主党,自由民主党,true,前,衆議院支部長,131244,true,100.000,false,125
h29-10-22,福岡県,6,4,false,落,新井ふみ子,新井富美子,あらいこ,50,女,（無所属）,無所属,false,新,政党役員,43175,false,,false,125
h29-10-22,福岡県,7,1,false,落,江口まなぶ,江口学,えぐち,43,男,日本共産党,日本共産党,true,新,政党職員,19953,false,,false,125
h29-10-22,福岡県,7,2,false,落,はら圭助,原圭助,けいすけ,39,男,希望の党,希望の党,true,新,政党役員,48190,true,52.679,false,125
h29-10-22,福岡県,7,3,true,当,藤丸さとし,藤丸敏,ふじまる,57,男,自由民主党,自由民主党,true,前,自由民主党福岡県第７選挙区支部長,91477,true,100.000,false,125
h29-10-22,福岡県,8,1,true,当,あそう太郎,麻生太郎,たろう,77,男,自由民主党,自由民主党,true,前,政党役員,135334,false,,false,125
h29-10-22,福岡県,8,2,false,落,宮嶋つや子,,みやじまこ,66,女,日本共産党,日本共産党,true,新,無職,52027,false,,false,125
h29-10-22,福岡県,9,1,false,落,まじま省三,真島省三,しょうぞう,54,男,日本共産党,日本共産党,true,前,日本共産党准中央委員,29635,true,32.448,false,125
h29-10-22,福岡県,9,2,false,落,おがた林太郎,緒方林太郎,りんたろう,44,男,希望の党,希望の党,true,前,政党役員,78833,true,86.317,false,126
h29-10-22,福岡県,9,3,true,当,みはら朝彦,三原朝彦,あさひこ,70,男,自由民主党,自由民主党,true,前,選挙区支部長,91329,true,100.000,false,126
h29-10-22,福岡県,10,1,false,落,田村たかあき,田村貴昭,たむら,56,男,日本共産党,日本共産党,true,前,日本共産党准中央委員,30792,true,35.121,false,126
h29-10-22,福岡県,10,2,true,当,山本幸三,,やまもとこうぞう,69,男,自由民主党,自由民主党,true,前,自由民主党福岡県衆議院第１０選挙区支部長,87674,true,100.000,false,126
h29-10-22,福岡県,10,3,false,落,きいたかし,城井崇,,44,男,希望の党,希望の党,true,元,政党役員,80073,true,91.330,false,126
h29-10-22,福岡県,11,1,false,落,村上とものぶ,村上智信,むらかみ,48,男,希望の党,希望の党,true,新,自営業,42335,true,52.182,false,126
h29-10-22,福岡県,11,2,true,当,たけだ良太,武田良太,りょうた,49,男,自由民主党,自由民主党,true,前,選挙区支部長,81129,true,100.000,false,126
h29-10-22,福岡県,11,3,false,落,たけうち信昭,竹内信昭,のぶあき,64,男,社会民主党,社会民主党,true,新,団体役員,22822,true,28.130,false,126
h29-10-22,佐賀県,1,1,false,落,岩田かずちか,岩田和親,いわた,44,男,自由民主党,自由民主党,true,前,自由民主党佐賀県第一選挙区支部支部長,78972,true,74.864,false,126
h29-10-22,佐賀県,1,2,false,落,中島とおる,中島徹,なかしま,43,男,（幸福実現党）,幸福実現党,false,新,団体職員,5086,false,,false,126
h29-10-22,佐賀県,1,3,true,当,原口一博,,はらぐちかずひろ,58,男,（無所属）,無所属,false,前,政党役員,105487,false,,false,126
h29-10-22,佐賀県,2,1,false,落,大森ひとし,大森斉,おおもり,62,男,日本共産党,日本共産党,true,新,政党役員,7920,false,,false,126
h29-10-22,佐賀県,2,2,true,当,大串ひろし,大串博志,おおぐし,52,男,希望の党,希望の党,true,前,政党役員,105921,true,100.000,false,126
h29-10-22,佐賀県,2,3,false,落,古川康,,ふるかわやすし,59,男,自由民主党,自由民主党,true,前,自由民主党佐賀県第二選挙区支部支部長,99103,true,93.563,false,126
h29-10-22,長崎県,1,1,false,落,冨岡勉,,とみおかつとむ,69,男,自由民主党,自由民主党,true,前,医師,80049,true,88.384,false,126
h29-10-22,長崎県,1,2,true,当,西岡秀子,,にしおかひでこ,53,女,希望の党,希望の党,true,新,政党役員,90569,true,100.000,false,126
h29-10-22,長崎県,1,3,false,落,牧山隆,,まきやまたかし,60,男,日本共産党,日本共産党,true,新,政党役員,16011,false,,false,126
h29-10-22,長崎県,2,1,false,落,近藤いちう,近藤一宇,こんどう,68,男,日本共産党,日本共産党,true,新,無職,15261,false,,false,126
h29-10-22,長崎県,2,2,false,落,山口はつみ,山口初實,やまぐち,69,男,希望の党,希望の党,true,新,無職,57538,true,58.787,false,126
h29-10-22,長崎県,2,3,true,当,加藤かんじ,加藤寛治,かとう,71,男,自由民主党,自由民主党,true,前,農業,97874,true,100.000,false,126
h29-10-22,長崎県,3,1,false,落,すえつぐ精一,末次精一,せいいち,54,男,希望の党,希望の党,true,新,特定非営利活動法人ハッピーワーク理事長,35554,true,42.330,false,126
h29-10-22,長崎県,3,2,false,落,石丸完治,,いしまるかんじ,68,男,日本共産党,日本共産党,true,新,日本共産党長崎県委員会職員,12638,false,,false,126
h29-10-22,長崎県,3,3,true,当,谷川やいち,谷川彌一,たにがわ,76,男,自由民主党,自由民主党,true,前,自由民主党長崎県第三選挙区支部支部長,83992,false,,false,126
h29-10-22,長崎県,3,4,false,落,くちいし竜三,口石竜三,りゅうぞう,48,男,日本維新の会,日本維新の会,true,新,株式会社Doitプランニング社員,8469,true,,true,126
h29-10-22,長崎県,4,1,true,当,北村誠吾,,きたむらせいご,70,男,自由民主党,自由民主党,true,前,選挙区支部長,73899,true,100.000,false,127
h29-10-22,長崎県,4,2,false,落,宮島大すけ,宮島大典,みやじまだい,54,男,希望の党,希望の党,true,元,無職,61137,true,82.730,false,127
h29-10-22,長崎県,4,3,false,落,石川さとる,石川悟,いしかわ,65,男,日本共産党,日本共産党,true,新,政党役員,10459,false,,false,127
h29-10-22,熊本県,1,1,true,当,木原みのる,木原稔,きはら,48,男,自由民主党,自由民主党,true,前,財務副大臣,123431,true,100.000,false,127
h29-10-22,熊本県,1,2,false,落,松野頼久,,まつのよりひさ,57,男,希望の党,希望の党,true,前,政党役員,96374,true,78.079,false,127
h29-10-22,熊本県,2,1,false,落,西野だいすけ,西野太亮,にしの,39,男,（無所属）,無所属,false,新,無職,62575,false,,false,127
h29-10-22,熊本県,2,2,false,落,木下じゅんこ,木下順子,きのした,58,女,（幸福実現党）,幸福実現党,false,新,販売員,6495,false,,false,127
h29-10-22,熊本県,2,3,true,当,野田たけし,野田毅,のだ,76,男,自由民主党,自由民主党,true,前,無職,86027,false,,false,127
h29-10-22,熊本県,2,4,false,落,和田かなめ,和田要,わだ,68,男,社会民主党,社会民主党,true,新,大学教員,26074,true,30.309,false,127
h29-10-22,熊本県,3,1,false,落,せきねしずか,関根静香,,27,女,日本共産党,日本共産党,true,新,団体職員,46392,false,,false,127
h29-10-22,熊本県,3,2,true,当,坂本てつし,坂本哲志,さかもと,66,男,自由民主党,自由民主党,true,前,自由民主党熊本県第三選挙区支部長,129312,false,,false,127
h29-10-22,熊本県,4,1,false,落,やがみ雅義,矢上雅義,まさよし,57,男,立憲民主党,立憲民主党,true,元,会社役員,89279,true,59.340,false,127
h29-10-22,熊本県,4,2,true,当,金子やすし,金子恭之,かねこ,56,男,自由民主党,自由民主党,true,前,自由民主党熊本県第４選挙区支部長,150453,false,,false,127
h29-10-22,大分県,1,1,false,落,吉良州司,,きらしゅうじ,59,男,希望の党,希望の党,true,前,前衆議院議員,87392,true,96.649,false,127
h29-10-22,大分県,1,2,false,落,小手川めぐみ,小手川恵,こてがわ,61,女,日本共産党,日本共産党,true,新,無職,17082,false,,false,127
h29-10-22,大分県,1,3,true,当,穴見陽一,,あなみよういち,48,男,自由民主党,自由民主党,true,前,政党役員,90422,true,100.000,false,127
h29-10-22,大分県,2,1,false,落,吉川はじめ,吉川元,よしかわ,51,男,社会民主党,社会民主党,true,前,政党役員,70858,true,78.780,false,127
h29-10-22,大分県,2,2,false,落,上田あつこ,上田敦子,うえだ,50,女,（幸福実現党）,幸福実現党,false,新,団体職員,8033,false,,false,127
h29-10-22,大分県,2,3,true,当,えとう征士郎,衛藤征士郎,せいしろう,76,男,自由民主党,自由民主党,true,前,選挙区支部長,89944,false,,false,127
h29-10-22,大分県,3,1,true,当,岩屋たけし,岩屋毅,いわや,60,男,自由民主党,自由民主党,true,前,政党選挙区支部長,99412,true,100.000,false,127
h29-10-22,大分県,3,2,false,落,横光克彦,武藤勝彦,よこみつかつひこ,73,男,立憲民主党,立憲民主党,true,元,俳優,84133,true,84.630,false,127
h29-10-22,宮崎県,1,1,false,落,外山いつき,外山斎,とやま,41,男,希望の党,希望の党,true,新,医療法人理事,57047,true,60.188,false,127
h29-10-22,宮崎県,1,2,false,落,内田静雄,,うちだしずお,68,男,日本共産党,日本共産党,true,新,無職,19937,false,,false,127
h29-10-22,宮崎県,1,3,true,当,たけい俊輔,武井俊輔,しゅんすけ,42,男,自由民主党,自由民主党,true,前,選挙区支部長,94780,true,100.000,false,127
h29-10-22,宮崎県,2,1,false,落,こうの一郎,河野一郎,いちろう,57,男,（幸福実現党）,幸福実現党,false,新,幸福実現党宮崎第２選挙区支部長,12757,false,,false,128
h29-10-22,宮崎県,2,2,false,落,黒木万治,,くろきまんじ,69,男,日本共産党,日本共産党,true,新,日向市議会議員,29831,false,,false,128
h29-10-22,宮崎県,2,3,true,当,江藤拓,,えとうたく,57,男,自由民主党,自由民主党,true,前,選挙区支部長,98170,true,100.000,false,128
h29-10-22,宮崎県,3,1,false,落,井福美年,,いふくみとし,68,男,日本共産党,日本共産党,true,新,無職,14942,false,,false,128
h29-10-22,宮崎県,3,2,true,当,ふるかわよしひさ,古川禎久,,52,男,自由民主党,自由民主党,true,前,選挙区支部長,98008,true,100.000,false,128
h29-10-22,宮崎県,3,3,false,落,花輪ともふみ,花輪智史,はなわ,51,男,希望の党,希望の党,true,新,無職,28286,true,28.860,false,128
h29-10-22,鹿児島県,1,1,true,当,川内ひろし,川内博史,かわうち,55,男,立憲民主党,立憲民主党,true,元,政党役員,76699,true,100.000,false,128
h29-10-22,鹿児島県,1,2,false,落,みやざき一博,宮﨑一博,かずひろ,57,男,（無所属）,無所属,false,新,宮﨑一博税理士事務所所長,5066,false,,false,128
h29-10-22,鹿児島県,1,3,false,落,山之内つよし,山之内毅,やまのうち,35,男,日本維新の会,日本維新の会,true,元,蒲生八幡神社神職,26895,true,35.065,false,128
h29-10-22,鹿児島県,1,4,false,落,やすおか宏武,保岡広武,ひろたけ,44,男,自由民主党,自由民主党,true,新,秘書,74831,false,,false,128
h29-10-22,鹿児島県,2,1,false,落,はやし健二,林健二,けんじ,40,男,（無所属）,無所属,false,新,株式会社ライズカレント役員,33317,false,,false,128
h29-10-22,鹿児島県,2,2,false,落,祝迫みつはる,祝迫光治,いわいざこ,74,男,日本共産党,日本共産党,true,新,無職,16280,false,,false,128
h29-10-22,鹿児島県,2,3,false,落,さいとうカヨ,齋藤佳代,,38,女,希望の党,希望の党,true,新,ＪＡいぶすき職員,43331,true,44.331,false,128
h29-10-22,鹿児島県,2,4,true,当,金子万寿夫,,かねこますお,70,男,自由民主党,自由民主党,true,前,選挙区支部長,97743,true,100.000,false,128
h29-10-22,鹿児島県,3,1,false,落,野間たけし,野間健,のま,59,男,希望の党,希望の党,true,前,政党役員,90240,true,88.038,false,128
h29-10-22,鹿児島県,3,2,true,当,小里やすひろ,小里泰弘,おざと,59,男,自由民主党,自由民主党,true,前,政党役員,102501,true,100.000,false,128
h29-10-22,鹿児島県,3,3,false,落,山口ゆうた,山口勇太,やまぐち,26,男,日本共産党,日本共産党,true,新,日本共産党鹿児島県委員会青年学生対策委員,10605,false,,false,128
h29-10-22,鹿児島県,4,1,true,当,森山ひろし,森山,もりやま,72,男,自由民主党,自由民主党,true,前,自由民主党鹿児島県連会長,128112,true,100.000,false,128
h29-10-22,鹿児島県,4,2,false,落,野呂正和,,のろまさかず,66,男,社会民主党,社会民主党,true,新,団体役員,52891,true,41.284,false,128
h29-10-22,沖縄県,1,1,false,落,コクバ幸之助,國場幸之助,こうのすけ,44,男,自由民主党,自由民主党,true,前,自由民主党沖縄県第一選挙区支部長,54468,true,89.874,false,128
h29-10-22,沖縄県,1,2,true,当,あかみね政賢,赤嶺政賢,せいけん,69,男,日本共産党,日本共産党,true,前,無職,60605,true,100.000,false,128
h29-10-22,沖縄県,1,3,false,落,下地ミキオ,下地幹郎,しもじ,56,男,日本維新の会,日本維新の会,true,前,政党役員,34215.080,true,56.456,false,128
h29-10-22,沖縄県,1,4,false,落,下地れいこ,下地玲子,しもじ,59,女,（幸福実現党）,幸福実現党,false,新,医療法人青天会下地内科理事,2594.915,false,,false,128
h29-10-22,沖縄県,2,1,true,当,テルヤ寛徳,照屋寛徳,かんとく,72,男,社会民主党,社会民主党,true,前,社会民主党国会対策委員長,92194,true,100.000,false,128
h29-10-22,沖縄県,2,2,false,落,ミヤザキ政久,宮﨑政久,まさひさ,52,男,自由民主党,自由民主党,true,前,弁護士,64247,true,69.686,false,129
h29-10-22,沖縄県,3,1,true,当,玉城デニー,玉城康裕,たまき,58,男,（無所属）,無所属,false,前,政党役員,95517,false,,false,129
h29-10-22,沖縄県,3,2,false,落,金城タツロー,金城竜郎,きんじょう,53,男,（幸福実現党）,幸福実現党,false,新,宗教法人幸福の科学沖縄巡回支部長,3031,false,,false,129
h29-10-22,沖縄県,3,3,false,落,比嘉なつみ,比嘉奈津美,ひが,59,女,自由民主党,自由民主党,true,前,自由民主党沖縄県第三選挙区支部長,66527,true,69.649,false,129
h29-10-22,沖縄県,4,1,false,落,とみかわやすまさ,富川泰全,,38,男,（幸福実現党）,幸福実現党,false,新,宗教法人幸福の科学沖縄巡回支部長,4650,false,,false,129
h29-10-22,沖縄県,4,2,false,落,ナカザト利信,仲里利信,としのぶ,80,男,（無所属）,無所属,false,前,無職,75887,false,,false,129
h29-10-22,沖縄県,4,3,true,当,ニシメ恒三郎,西銘恒三郎,こうさぶろう,63,男,自由民主党,自由民主党,true,前,経済産業副大臣,82199,true,100.000,false,129
