election_id,block,party,divisor,quotient,seat_rank,source_page
r06-10-27,北海道,日本維新の会,1,96954.000,,81
r06-10-27,北海道,自由民主党,1,641127.000,2,81
r06-10-27,北海道,れいわ新選組,1,177620.000,,81
r06-10-27,北海道,安楽死制度を考える会,1,18455.000,,81
r06-10-27,北海道,社会民主党,1,31134.000,,81
r06-10-27,北海道,公明党,1,253344.000,5,81
r06-10-27,北海道,日本維新の会,2,48477.000,,81
r06-10-27,北海道,自由民主党,2,320563.500,4,81
r06-10-27,北海道,安楽死制度を考える会,2,9227.500,,81
r06-10-27,北海道,公明党,2,126672.000,,81
r06-10-27,北海道,自由民主党,3,213709.000,7,81
r06-10-27,北海道,自由民主党,4,160281.750,,81
r06-10-27,北海道,自由民主党,5,128225.400,,81
r06-10-27,北海道,自由民主党,6,106854.500,,81
r06-10-27,北海道,自由民主党,7,91589.571,,81
r06-10-27,北海道,自由民主党,8,80140.875,,81
r06-10-27,北海道,自由民主党,9,71236.333,,81
r06-10-27,北海道,自由民主党,10,64112.700,,81
r06-10-27,北海道,自由民主党,11,58284.273,,81
r06-10-27,北海道,自由民主党,12,53427.250,,81
r06-10-27,北海道,日本保守党,1,61903.000,,82
r06-10-27,北海道,日本共産党,1,169799.000,,82
r06-10-27,北海道,国民民主党,1,192303.871,8,82
r06-10-27,北海道,立憲民主党,1,694578.943,1,82
r06-10-27,北海道,日本保守党,2,30951.500,,82
r06-10-27,北海道,日本共産党,2,84899.500,,82
r06-10-27,北海道,立憲民主党,2,347289.472,3,82
r06-10-27,北海道,立憲民主党,3,231526.314,6,82
r06-10-27,北海道,立憲民主党,4,173644.736,,82
r06-10-27,北海道,立憲民主党,5,138915.789,,82
r06-10-27,北海道,立憲民主党,6,115763.157,,82
r06-10-27,北海道,立憲民主党,7,99225.563,,82
r06-10-27,東北,自由民主党,1,1188975.000,1,83
r06-10-27,東北,日本共産党,1,223409.000,,83
r06-10-27,東北,社会民主党,1,79484.000,,83
r06-10-27,東北,国民民主党,1,396991.902,5,83
r06-10-27,東北,公明党,1,367341.000,7,83
r06-10-27,東北,日本維新の会,1,165697.000,,83
r06-10-27,東北,参政党,1,94354.000,,83
r06-10-27,東北,自由民主党,2,594487.500,3,83
r06-10-27,東北,日本共産党,2,111704.500,,83
r06-10-27,東北,国民民主党,2,198495.951,,83
r06-10-27,東北,公明党,2,183670.500,,83
r06-10-27,東北,日本維新の会,2,82848.500,,83
r06-10-27,東北,自由民主党,3,396325.000,6,83
r06-10-27,東北,日本共産党,3,74469.667,,83
r06-10-27,東北,公明党,3,122447.000,,83
r06-10-27,東北,日本維新の会,3,55232.333,,83
r06-10-27,東北,自由民主党,4,297243.750,9,83
r06-10-27,東北,日本維新の会,4,41424.250,,83
r06-10-27,東北,自由民主党,5,237795.000,12,83
r06-10-27,東北,自由民主党,6,198162.500,,83
r06-10-27,東北,自由民主党,7,169853.571,,83
r06-10-27,東北,自由民主党,8,148621.875,,83
r06-10-27,東北,自由民主党,9,132108.333,,83
r06-10-27,東北,自由民主党,10,118897.500,,83
r06-10-27,東北,自由民主党,11,108088.636,,83
r06-10-27,東北,自由民主党,12,99081.250,,83
r06-10-27,東北,自由民主党,13,91459.615,,83
r06-10-27,東北,立憲民主党,1,993007.872,2,84
r06-10-27,東北,れいわ新選組,1,271855.000,10,84
r06-10-27,東北,立憲民主党,2,496503.936,4,84
r06-10-27,東北,立憲民主党,3,331002.624,8,84
r06-10-27,東北,立憲民主党,4,248251.968,11,84
r06-10-27,東北,立憲民主党,5,198601.574,,84
r06-10-27,東北,立憲民主党,6,165501.312,,84
r06-10-27,東北,立憲民主党,7,141858.267,,84
r06-10-27,東北,立憲民主党,8,124125.984,,84
r06-10-27,東北,立憲民主党,9,110334.208,,84
r06-10-27,東北,立憲民主党,10,99300.787,,84
r06-10-27,北関東,日本共産党,1,354915.000,12,85
r06-10-27,北関東,日本保守党,1,146728.000,,85
r06-10-27,北関東,自由民主党,1,1603644.000,1,85
r06-10-27,北関東,国民民主党,1,686080.528,4,85
r06-10-27,北関東,日本維新の会,1,391136.000,11,85
r06-10-27,北関東,参政党,1,175559.000,,85
r06-10-27,北関東,公明党,1,674694.000,5,85
r06-10-27,北関東,日本共産党,2,177457.500,,85
r06-10-27,北関東,日本保守党,2,73364.000,,85
r06-10-27,北関東,自由民主党,2,801822.000,3,85
r06-10-27,北関東,日本維新の会,2,195568.000,,85
r06-10-27,北関東,公明党,2,337347.000,13,85
r06-10-27,北関東,日本保守党,3,48909.333,,85
r06-10-27,北関東,自由民主党,3,534548.000,7,85
r06-10-27,北関東,日本維新の会,3,130378.667,,85
r06-10-27,北関東,公明党,3,224898.000,19,85
r06-10-27,北関東,日本保守党,4,36682.000,,85
r06-10-27,北関東,自由民主党,4,400911.000,10,85
r06-10-27,北関東,日本維新の会,4,97784.000,,85
r06-10-27,北関東,公明党,4,168673.500,,85
r06-10-27,北関東,自由民主党,5,320728.800,15,85
r06-10-27,北関東,日本維新の会,5,78227.200,,85
r06-10-27,北関東,自由民主党,6,267274.000,16,85
r06-10-27,北関東,日本維新の会,6,65189.333,,85
r06-10-27,北関東,自由民主党,7,229092.000,18,85
r06-10-27,北関東,日本維新の会,7,55876.571,,85
r06-10-27,北関東,自由民主党,8,200455.500,,85
r06-10-27,北関東,日本維新の会,8,48892.000,,85
r06-10-27,北関東,自由民主党,9,178182.667,,85
r06-10-27,北関東,日本維新の会,9,43459.556,,85
r06-10-27,北関東,自由民主党,10,160364.400,,85
r06-10-27,北関東,日本維新の会,10,39113.600,,85
r06-10-27,北関東,自由民主党,11,145785.818,,85
r06-10-27,北関東,日本維新の会,11,35557.818,,85
r06-10-27,北関東,自由民主党,12,133637.000,,85
r06-10-27,北関東,日本維新の会,12,32594.667,,85
r06-10-27,北関東,自由民主党,13,123357.231,,85
r06-10-27,北関東,日本維新の会,13,30087.385,,85
r06-10-27,北関東,自由民主党,14,114546.000,,85
r06-10-27,北関東,日本維新の会,14,27938.286,,85
r06-10-27,北関東,自由民主党,15,106909.600,,85
r06-10-27,北関東,日本維新の会,15,26075.733,,85
r06-10-27,北関東,自由民主党,16,100227.750,,85
r06-10-27,北関東,日本維新の会,16,24446.000,,85
r06-10-27,北関東,自由民主党,17,94332.000,,85
r06-10-27,北関東,日本維新の会,17,23008.000,,85
r06-10-27,北関東,自由民主党,18,89091.333,,85
r06-10-27,北関東,日本維新の会,18,21729.778,,85
r06-10-27,北関東,自由民主党,19,84402.316,,85
r06-10-27,北関東,自由民主党,20,80182.200,,85
r06-10-27,北関東,自由民主党,21,76364.000,,85
r06-10-27,北関東,社会民主党,1,87247.000,,86
r06-10-27,北関東,立憲民主党,1,1283911.293,2,86
r06-10-27,北関東,れいわ新選組,1,419511.000,9,86
r06-10-27,北関東,立憲民主党,2,641955.647,6,86
r06-10-27,北関東,れいわ新選組,2,209755.500,,86
r06-10-27,北関東,立憲民主党,3,427970.431,8,86
r06-10-27,北関東,れいわ新選組,3,139837.000,,86
r06-10-27,北関東,立憲民主党,4,320977.823,14,86
r06-10-27,北関東,立憲民主党,5,256782.259,17,86
r06-10-27,北関東,立憲民主党,6,213985.216,,86
r06-10-27,北関東,立憲民主党,7,183415.899,,86
r06-10-27,北関東,立憲民主党,8,160488.912,,86
r06-10-27,北関東,立憲民主党,9,142656.810,,86
r06-10-27,北関東,立憲民主党,10,128391.129,,86
r06-10-27,北関東,立憲民主党,11,116719.208,,86
r06-10-27,北関東,立憲民主党,12,106992.608,,86
r06-10-27,北関東,立憲民主党,13,98762.407,,86
r06-10-27,北関東,立憲民主党,14,91707.950,,86
r06-10-27,北関東,立憲民主党,15,85594.086,,86
r06-10-27,北関東,立憲民主党,16,80244.456,,86
r06-10-27,南関東,日本保守党,1,191169.000,,87
r06-10-27,南関東,日本維新の会,1,536161.000,9,87
r06-10-27,南関東,社会民主党,1,109959.000,,87
r06-10-27,南関東,自由民主党,1,1822230.000,1,87
r06-10-27,南関東,立憲民主党,1,1700535.202,2,87
r06-10-27,南関東,公明党,1,729980.000,6,87
r06-10-27,南関東,れいわ新選組,1,472519.000,10,87
r06-10-27,南関東,日本保守党,2,95584.500,,87
r06-10-27,南関東,日本維新の会,2,268080.500,21,87
r06-10-27,南関東,自由民主党,2,911115.000,3,87
r06-10-27,南関東,立憲民主党,2,850267.601,5,87
r06-10-27,南関東,公明党,2,364990.000,15,87
r06-10-27,南関東,れいわ新選組,2,236259.500,,87
r06-10-27,南関東,日本保守党,3,63723.000,,87
r06-10-27,南関東,日本維新の会,3,178720.333,,87
r06-10-27,南関東,自由民主党,3,607410.000,7,87
r06-10-27,南関東,立憲民主党,3,566845.067,8,87
r06-10-27,南関東,公明党,3,243326.667,,87
r06-10-27,南関東,れいわ新選組,3,157506.333,,87
r06-10-27,南関東,日本保守党,4,47792.250,,87
r06-10-27,南関東,日本維新の会,4,134040.250,,87
r06-10-27,南関東,自由民主党,4,455557.500,11,87
r06-10-27,南関東,立憲民主党,4,425133.801,14,87
r06-10-27,南関東,公明党,4,182495.000,,87
r06-10-27,南関東,日本保守党,5,38233.800,,87
r06-10-27,南関東,日本維新の会,5,107232.200,,87
r06-10-27,南関東,自由民主党,5,364446.000,16,87
r06-10-27,南関東,立憲民主党,5,340107.040,17,87
r06-10-27,南関東,日本維新の会,6,89360.167,,87
r06-10-27,南関東,自由民主党,6,303705.000,18,87
r06-10-27,南関東,立憲民主党,6,283422.534,20,87
r06-10-27,南関東,日本維新の会,7,76594.429,,87
r06-10-27,南関東,自由民主党,7,260318.571,23,87
r06-10-27,南関東,立憲民主党,7,242933.600,,87
r06-10-27,南関東,日本維新の会,8,67020.125,,87
r06-10-27,南関東,自由民主党,8,227778.750,,87
r06-10-27,南関東,立憲民主党,8,212566.900,,87
r06-10-27,南関東,日本維新の会,9,59573.444,,87
r06-10-27,南関東,自由民主党,9,202470.000,,87
r06-10-27,南関東,立憲民主党,9,188948.356,,87
r06-10-27,南関東,日本維新の会,10,53616.100,,87
r06-10-27,南関東,自由民主党,10,182223.000,,87
r06-10-27,南関東,立憲民主党,10,170053.520,,87
r06-10-27,南関東,日本維新の会,11,48741.909,,87
r06-10-27,南関東,自由民主党,11,165657.273,,87
r06-10-27,南関東,立憲民主党,11,154594.109,,87
r06-10-27,南関東,日本維新の会,12,44680.083,,87
r06-10-27,南関東,自由民主党,12,151852.500,,87
r06-10-27,南関東,立憲民主党,12,141711.267,,87
r06-10-27,南関東,日本維新の会,13,41243.154,,87
r06-10-27,南関東,自由民主党,13,140171.538,,87
r06-10-27,南関東,立憲民主党,13,130810.400,,87
r06-10-27,南関東,日本維新の会,14,38297.214,,87
r06-10-27,南関東,自由民主党,14,130159.286,,87
r06-10-27,南関東,立憲民主党,14,121466.800,,87
r06-10-27,南関東,日本維新の会,15,35744.067,,87
r06-10-27,南関東,自由民主党,15,121482.000,,87
r06-10-27,南関東,日本維新の会,16,33510.063,,87
r06-10-27,南関東,自由民主党,16,113889.375,,87
r06-10-27,南関東,日本維新の会,17,31538.882,,87
r06-10-27,南関東,自由民主党,17,107190.000,,87
r06-10-27,南関東,日本維新の会,18,29786.722,,87
r06-10-27,南関東,自由民主党,18,101235.000,,87
r06-10-27,南関東,自由民主党,19,95906.842,,87
r06-10-27,南関東,自由民主党,20,91111.500,,87
r06-10-27,南関東,日本共産党,1,437724.000,13,88
r06-10-27,南関東,国民民主党,1,907123.654,4,88
r06-10-27,南関東,参政党,1,267145.000,22,88
r06-10-27,南関東,日本共産党,2,218862.000,,88
r06-10-27,南関東,国民民主党,2,453561.827,12,88
r06-10-27,南関東,参政党,2,133572.500,,88
r06-10-27,南関東,日本共産党,3,145908.000,,88
r06-10-27,南関東,国民民主党,3,302374.551,19,88
r06-10-27,南関東,国民民主党,4,226780.914,,88
r06-10-27,東京都,日本共産党,1,498565.000,9,89
r06-10-27,東京都,立憲民主党,1,1298166.012,2,89
r06-10-27,東京都,れいわ新選組,1,451865.000,11,89
r06-10-27,東京都,社会民主党,1,96302.000,,89
r06-10-27,東京都,公明党,1,573191.000,6,89
r06-10-27,東京都,日本維新の会,1,516610.000,7,89
r06-10-27,東京都,参政党,1,237271.000,,89
r06-10-27,東京都,日本共産党,2,249282.500,,89
r06-10-27,東京都,立憲民主党,2,649083.006,5,89
r06-10-27,東京都,れいわ新選組,2,225932.500,,89
r06-10-27,東京都,公明党,2,286595.500,17,89
r06-10-27,東京都,日本維新の会,2,258305.000,19,89
r06-10-27,東京都,日本共産党,3,166188.333,,89
r06-10-27,東京都,立憲民主党,3,432722.004,12,89
r06-10-27,東京都,れいわ新選組,3,150621.667,,89
r06-10-27,東京都,公明党,3,191063.667,,89
r06-10-27,東京都,日本維新の会,3,172203.333,,89
r06-10-27,東京都,日本共産党,4,124641.250,,89
r06-10-27,東京都,立憲民主党,4,324541.503,14,89
r06-10-27,東京都,れいわ新選組,4,112966.250,,89
r06-10-27,東京都,公明党,4,143297.750,,89
r06-10-27,東京都,日本維新の会,4,129152.500,,89
r06-10-27,東京都,日本共産党,5,99713.000,,89
r06-10-27,東京都,立憲民主党,5,259633.202,18,89
r06-10-27,東京都,日本維新の会,5,103322.000,,89
r06-10-27,東京都,立憲民主党,6,216361.002,,89
r06-10-27,東京都,日本維新の会,6,86101.667,,89
r06-10-27,東京都,立憲民主党,7,185452.287,,89
r06-10-27,東京都,日本維新の会,7,73801.429,,89
r06-10-27,東京都,立憲民主党,8,162270.752,,89
r06-10-27,東京都,日本維新の会,8,64576.250,,89
r06-10-27,東京都,立憲民主党,9,144240.668,,89
r06-10-27,東京都,日本維新の会,9,57401.111,,89
r06-10-27,東京都,立憲民主党,10,129816.601,,89
r06-10-27,東京都,日本維新の会,10,51661.000,,89
r06-10-27,東京都,日本維新の会,11,46964.545,,89
r06-10-27,東京都,日本維新の会,12,43050.833,,89
r06-10-27,東京都,日本維新の会,13,39739.231,,89
r06-10-27,東京都,日本維新の会,14,36900.714,,89
r06-10-27,東京都,日本維新の会,15,34440.667,,89
r06-10-27,東京都,日本維新の会,16,32288.125,,89
r06-10-27,東京都,日本維新の会,17,30388.824,,89
r06-10-27,東京都,日本維新の会,18,28700.556,,89
r06-10-27,東京都,日本維新の会,19,27190.000,,89
r06-10-27,東京都,国民民主党,1,945460.918,3,90
r06-10-27,東京都,自由民主党,1,1498632.000,1,90
r06-10-27,東京都,日本保守党,1,201770.000,,90
r06-10-27,東京都,国民民主党,2,472730.459,10,90
r06-10-27,東京都,自由民主党,2,749316.000,4,90
r06-10-27,東京都,日本保守党,2,100885.000,,90
r06-10-27,東京都,国民民主党,3,315153.639,15,90
r06-10-27,東京都,自由民主党,3,499544.000,8,90
r06-10-27,東京都,日本保守党,3,67256.667,,90
r06-10-27,東京都,国民民主党,4,236365.230,,90
r06-10-27,東京都,自由民主党,4,374658.000,13,90
r06-10-27,東京都,日本保守党,4,50442.500,,90
r06-10-27,東京都,国民民主党,5,189092.184,,90
r06-10-27,東京都,自由民主党,5,299726.400,16,90
r06-10-27,東京都,国民民主党,6,157576.820,,90
r06-10-27,東京都,自由民主党,6,249772.000,,90
r06-10-27,東京都,国民民主党,7,135065.845,,90
r06-10-27,東京都,自由民主党,7,214090.286,,90
r06-10-27,東京都,国民民主党,8,118182.615,,90
r06-10-27,東京都,自由民主党,8,187329.000,,90
r06-10-27,東京都,国民民主党,9,105051.213,,90
r06-10-27,東京都,自由民主党,9,166514.667,,90
r06-10-27,東京都,国民民主党,10,94546.092,,90
r06-10-27,東京都,自由民主党,10,149863.200,,90
r06-10-27,東京都,国民民主党,11,85950.993,,90
r06-10-27,東京都,自由民主党,11,136239.273,,90
r06-10-27,東京都,自由民主党,12,124886.000,,90
r06-10-27,東京都,自由民主党,13,115279.385,,90
r06-10-27,東京都,自由民主党,14,107045.143,,90
r06-10-27,東京都,自由民主党,15,99908.800,,90
r06-10-27,東京都,自由民主党,16,93664.500,,90
r06-10-27,東京都,自由民主党,17,88154.824,,90
r06-10-27,東京都,自由民主党,18,83257.333,,90
r06-10-27,北陸信越,日本維新の会,1,228617.000,10,91
r06-10-27,北陸信越,公明党,1,258634.000,9,91
r06-10-27,北陸信越,参政党,1,100050.000,,91
r06-10-27,北陸信越,社会民主党,1,61928.000,,91
r06-10-27,北陸信越,日本共産党,1,181910.000,,91
r06-10-27,北陸信越,立憲民主党,1,818773.297,2,91
r06-10-27,北陸信越,国民民主党,1,341114.540,6,91
r06-10-27,北陸信越,日本維新の会,2,114308.500,,91
r06-10-27,北陸信越,公明党,2,129317.000,,91
r06-10-27,北陸信越,日本共産党,2,90955.000,,91
r06-10-27,北陸信越,立憲民主党,2,409386.649,4,91
r06-10-27,北陸信越,国民民主党,2,170557.270,,91
r06-10-27,北陸信越,日本維新の会,3,76205.667,,91
r06-10-27,北陸信越,立憲民主党,3,272924.432,7,91
r06-10-27,北陸信越,日本維新の会,4,57154.250,,91
r06-10-27,北陸信越,立憲民主党,4,204693.324,,91
r06-10-27,北陸信越,日本維新の会,5,45723.400,,91
r06-10-27,北陸信越,立憲民主党,5,163754.659,,91
r06-10-27,北陸信越,立憲民主党,6,136462.216,,91
r06-10-27,北陸信越,立憲民主党,7,116967.614,,91
r06-10-27,北陸信越,れいわ新選組,1,216659.000,,92
r06-10-27,北陸信越,自由民主党,1,1053516.000,1,92
r06-10-27,北陸信越,自由民主党,2,526758.000,3,92
r06-10-27,北陸信越,自由民主党,3,351172.000,5,92
r06-10-27,北陸信越,自由民主党,4,263379.000,8,92
r06-10-27,北陸信越,自由民主党,5,210703.200,,92
r06-10-27,北陸信越,自由民主党,6,175586.000,,92
r06-10-27,北陸信越,自由民主党,7,150502.286,,92
r06-10-27,北陸信越,自由民主党,8,131689.500,,92
r06-10-27,北陸信越,自由民主党,9,117057.333,,92
r06-10-27,北陸信越,自由民主党,10,105351.600,,92
r06-10-27,北陸信越,自由民主党,11,95774.182,,92
r06-10-27,北陸信越,自由民主党,12,87793.000,,92
r06-10-27,北陸信越,自由民主党,13,81039.692,,92
r06-10-27,北陸信越,自由民主党,14,75251.143,,92
r06-10-27,北陸信越,自由民主党,15,70234.400,,92
r06-10-27,北陸信越,自由民主党,16,65844.750,,92
r06-10-27,東海,日本維新の会,1,427368.000,11,93
r06-10-27,東海,国民民主党,1,856909.462,4,93
r06-10-27,東海,公明党,1,665939.000,6,93
r06-10-27,東海,日本保守党,1,255726.000,18,93
r06-10-27,東海,日本共産党,1,334599.000,14,93
r06-10-27,東海,立憲民主党,1,1474091.358,2,93
r06-10-27,東海,自由民主党,1,1717737.000,1,93
r06-10-27,東海,日本維新の会,2,213684.000,,93
r06-10-27,東海,公明党,2,332969.500,15,93
r06-10-27,東海,日本保守党,2,127863.000,,93
r06-10-27,東海,日本共産党,2,167299.500,,93
r06-10-27,東海,立憲民主党,2,737045.679,5,93
r06-10-27,東海,自由民主党,2,858868.500,3,93
r06-10-27,東海,日本維新の会,3,142456.000,,93
r06-10-27,東海,公明党,3,221979.667,,93
r06-10-27,東海,日本保守党,3,85242.000,,93
r06-10-27,東海,日本共産党,3,111533.000,,93
r06-10-27,東海,立憲民主党,3,491363.786,9,93
r06-10-27,東海,自由民主党,3,572579.000,7,93
r06-10-27,東海,日本維新の会,4,106842.000,,93
r06-10-27,東海,公明党,4,166484.750,,93
r06-10-27,東海,日本保守党,4,63931.500,,93
r06-10-27,東海,立憲民主党,4,368522.840,12,93
r06-10-27,東海,自由民主党,4,429434.250,10,93
r06-10-27,東海,日本維新の会,5,85473.600,,93
r06-10-27,東海,日本保守党,5,51145.200,,93
r06-10-27,東海,立憲民主党,5,294818.272,16,93
r06-10-27,東海,自由民主党,5,343547.400,13,93
r06-10-27,東海,日本維新の会,6,71228.000,,93
r06-10-27,東海,立憲民主党,6,245681.893,20,93
r06-10-27,東海,自由民主党,6,286289.500,17,93
r06-10-27,東海,日本維新の会,7,61052.571,,93
r06-10-27,東海,立憲民主党,7,210584.480,,93
r06-10-27,東海,自由民主党,7,245391.000,21,93
r06-10-27,東海,日本維新の会,8,53421.000,,93
r06-10-27,東海,立憲民主党,8,184261.420,,93
r06-10-27,東海,自由民主党,8,214717.125,,93
r06-10-27,東海,日本維新の会,9,47485.333,,93
r06-10-27,東海,立憲民主党,9,163787.929,,93
r06-10-27,東海,自由民主党,9,190859.667,,93
r06-10-27,東海,日本維新の会,10,42736.800,,93
r06-10-27,東海,立憲民主党,10,147409.136,,93
r06-10-27,東海,自由民主党,10,171773.700,,93
r06-10-27,東海,立憲民主党,11,134008.305,,93
r06-10-27,東海,自由民主党,11,156157.909,,93
r06-10-27,東海,立憲民主党,12,122840.947,,93
r06-10-27,東海,自由民主党,12,143144.750,,93
r06-10-27,東海,立憲民主党,13,113391.643,,93
r06-10-27,東海,自由民主党,13,132133.615,,93
r06-10-27,東海,立憲民主党,14,105292.240,,93
r06-10-27,東海,自由民主党,14,122695.500,,93
r06-10-27,東海,自由民主党,15,114515.800,,93
r06-10-27,東海,自由民主党,16,107358.563,,93
r06-10-27,東海,自由民主党,17,101043.353,,93
r06-10-27,東海,自由民主党,18,95429.833,,93
r06-10-27,東海,自由民主党,19,90407.211,,93
r06-10-27,東海,自由民主党,20,85886.850,,93
r06-10-27,東海,自由民主党,21,81797.000,,93
r06-10-27,東海,自由民主党,22,78078.955,,93
r06-10-27,東海,自由民主党,23,74684.217,,93
r06-10-27,東海,自由民主党,24,71572.375,,93
r06-10-27,東海,参政党,1,179069.000,,94
r06-10-27,東海,社会民主党,1,90708.000,,94
r06-10-27,東海,れいわ新選組,1,506112.000,8,94
r06-10-27,東海,れいわ新選組,2,253056.000,19,94
r06-10-27,東海,れいわ新選組,3,168704.000,,94
r06-10-27,近畿,自由民主党,1,1837859.000,2,95
r06-10-27,近畿,日本維新の会,1,2069796.000,1,95
r06-10-27,近畿,国民民主党,1,739441.538,7,95
r06-10-27,近畿,参政党,1,350211.000,20,95
r06-10-27,近畿,れいわ新選組,1,557899.000,12,95
r06-10-27,近畿,社会民主党,1,99161.000,,95
r06-10-27,近畿,公明党,1,1030324.000,5,95
r06-10-27,近畿,自由民主党,2,918929.500,6,95
r06-10-27,近畿,日本維新の会,2,1034898.000,4,95
r06-10-27,近畿,国民民主党,2,369720.769,18,95
r06-10-27,近畿,参政党,2,175105.500,,95
r06-10-27,近畿,れいわ新選組,2,278949.500,28,95
r06-10-27,近畿,公明党,2,515162.000,14,95
r06-10-27,近畿,自由民主党,3,612619.667,11,95
r06-10-27,近畿,日本維新の会,3,689932.000,8,95
r06-10-27,近畿,れいわ新選組,3,185966.333,,95
r06-10-27,近畿,公明党,3,343441.333,22,95
r06-10-27,近畿,自由民主党,4,459464.750,15,95
r06-10-27,近畿,日本維新の会,4,517449.000,13,95
r06-10-27,近畿,れいわ新選組,4,139474.750,,95
r06-10-27,近畿,公明党,4,257581.000,,95
r06-10-27,近畿,自由民主党,5,367571.800,19,95
r06-10-27,近畿,日本維新の会,5,413959.200,17,95
r06-10-27,近畿,公明党,5,206064.800,,95
r06-10-27,近畿,自由民主党,6,306309.833,25,95
r06-10-27,近畿,日本維新の会,6,344966.000,21,95
r06-10-27,近畿,自由民主党,7,262551.286,,95
r06-10-27,近畿,日本維新の会,7,295685.143,26,95
r06-10-27,近畿,自由民主党,8,229732.375,,95
r06-10-27,近畿,日本維新の会,8,258724.500,,95
r06-10-27,近畿,自由民主党,9,204206.556,,95
r06-10-27,近畿,日本維新の会,9,229977.333,,95
r06-10-27,近畿,自由民主党,10,183785.900,,95
r06-10-27,近畿,日本維新の会,10,206979.600,,95
r06-10-27,近畿,自由民主党,11,167078.091,,95
r06-10-27,近畿,日本維新の会,11,188163.273,,95
r06-10-27,近畿,自由民主党,12,153154.917,,95
r06-10-27,近畿,日本維新の会,12,172483.000,,95
r06-10-27,近畿,自由民主党,13,141373.769,,95
r06-10-27,近畿,日本維新の会,13,159215.077,,95
r06-10-27,近畿,自由民主党,14,131275.643,,95
r06-10-27,近畿,日本維新の会,14,147842.571,,95
r06-10-27,近畿,自由民主党,15,122523.933,,95
r06-10-27,近畿,日本維新の会,15,137986.400,,95
r06-10-27,近畿,自由民主党,16,114866.188,,95
r06-10-27,近畿,日本維新の会,16,129362.250,,95
r06-10-27,近畿,自由民主党,17,108109.353,,95
r06-10-27,近畿,日本維新の会,17,121752.706,,95
r06-10-27,近畿,自由民主党,18,102103.278,,95
r06-10-27,近畿,日本維新の会,18,114988.667,,95
r06-10-27,近畿,自由民主党,19,96729.421,,95
r06-10-27,近畿,日本維新の会,19,108936.632,,95
r06-10-27,近畿,自由民主党,20,91892.950,,95
r06-10-27,近畿,日本維新の会,20,103489.800,,95
r06-10-27,近畿,自由民主党,21,87517.095,,95
r06-10-27,近畿,日本維新の会,21,98561.714,,95
r06-10-27,近畿,自由民主党,22,83539.045,,95
r06-10-27,近畿,日本維新の会,22,94081.636,,95
r06-10-27,近畿,自由民主党,23,79906.913,,95
r06-10-27,近畿,自由民主党,24,76577.458,,95
r06-10-27,近畿,自由民主党,25,73514.360,,95
r06-10-27,近畿,自由民主党,26,70686.885,,95
r06-10-27,近畿,立憲民主党,1,1247328.218,3,96
r06-10-27,近畿,日本保守党,1,288326.000,27,96
r06-10-27,近畿,日本共産党,1,649195.000,9,96
r06-10-27,近畿,立憲民主党,2,623664.109,10,96
r06-10-27,近畿,日本保守党,2,144163.000,,96
r06-10-27,近畿,日本共産党,2,324597.500,23,96
r06-10-27,近畿,立憲民主党,3,415776.073,16,96
r06-10-27,近畿,日本保守党,3,96108.667,,96
r06-10-27,近畿,日本共産党,3,216398.333,,96
r06-10-27,近畿,立憲民主党,4,311832.055,24,96
r06-10-27,近畿,日本保守党,4,72081.500,,96
r06-10-27,近畿,日本共産党,4,162298.750,,96
r06-10-27,近畿,立憲民主党,5,249465.644,,96
r06-10-27,近畿,日本保守党,5,57665.200,,96
r06-10-27,近畿,日本共産党,5,129839.000,,96
r06-10-27,近畿,立憲民主党,6,207888.036,,96
r06-10-27,近畿,日本保守党,6,48054.333,,96
r06-10-27,近畿,立憲民主党,7,178189.745,,96
r06-10-27,近畿,立憲民主党,8,155916.027,,96
r06-10-27,近畿,立憲民主党,9,138592.024,,96
r06-10-27,近畿,立憲民主党,10,124732.822,,96
r06-10-27,近畿,立憲民主党,11,113393.474,,96
r06-10-27,近畿,立憲民主党,12,103944.018,,96
r06-10-27,近畿,立憲民主党,13,95948.324,,96
r06-10-27,近畿,立憲民主党,14,89094.873,,96
r06-10-27,近畿,立憲民主党,15,83155.215,,96
r06-10-27,近畿,立憲民主党,16,77958.014,,96
r06-10-27,近畿,立憲民主党,17,73372.248,,96
r06-10-27,近畿,立憲民主党,18,69296.012,,96
r06-10-27,近畿,立憲民主党,19,65648.854,,96
r06-10-27,近畿,立憲民主党,20,62366.411,,96
r06-10-27,近畿,立憲民主党,21,59396.582,,96
r06-10-27,近畿,立憲民主党,22,56696.737,,96
r06-10-27,中国,日本共産党,1,149218.000,,97
r06-10-27,中国,国民民主党,1,307680.728,6,97
r06-10-27,中国,立憲民主党,1,572599.156,2,97
r06-10-27,中国,社会民主党,1,53620.000,,97
r06-10-27,中国,参政党,1,88358.000,,97
r06-10-27,中国,日本維新の会,1,187517.000,,97
r06-10-27,中国,れいわ新選組,1,173622.000,,97
r06-10-27,中国,日本共産党,2,74609.000,,97
r06-10-27,中国,国民民主党,2,153840.364,,97
r06-10-27,中国,立憲民主党,2,286299.578,7,97
r06-10-27,中国,日本維新の会,2,93758.500,,97
r06-10-27,中国,国民民主党,3,102560.243,,97
r06-10-27,中国,立憲民主党,3,190866.385,10,97
r06-10-27,中国,日本維新の会,3,62505.667,,97
r06-10-27,中国,立憲民主党,4,143149.789,,97
r06-10-27,中国,立憲民主党,5,114519.831,,97
r06-10-27,中国,立憲民主党,6,95433.193,,97
r06-10-27,中国,立憲民主党,7,81799.879,,97
r06-10-27,中国,立憲民主党,8,71574.895,,97
r06-10-27,中国,立憲民主党,9,63622.128,,97
r06-10-27,中国,立憲民主党,10,57259.916,,97
r06-10-27,中国,立憲民主党,11,52054.469,,97
r06-10-27,中国,立憲民主党,12,47716.596,,97
r06-10-27,中国,公明党,1,354291.000,4,98
r06-10-27,中国,自由民主党,1,1056320.000,1,98
r06-10-27,中国,公明党,2,177145.500,,98
r06-10-27,中国,自由民主党,2,528160.000,3,98
r06-10-27,中国,公明党,3,118097.000,,98
r06-10-27,中国,自由民主党,3,352106.667,5,98
r06-10-27,中国,自由民主党,4,264080.000,8,98
r06-10-27,中国,自由民主党,5,211264.000,9,98
r06-10-27,中国,自由民主党,6,176053.333,,98
r06-10-27,中国,自由民主党,7,150902.857,,98
r06-10-27,中国,自由民主党,8,132040.000,,98
r06-10-27,中国,自由民主党,9,117368.889,,98
r06-10-27,中国,自由民主党,10,105632.000,,98
r06-10-27,四国,日本共産党,1,88224.000,,99
r06-10-27,四国,日本維新の会,1,103237.000,,99
r06-10-27,四国,立憲民主党,1,281209.617,2,99
r06-10-27,四国,社会民主党,1,24361.000,,99
r06-10-27,四国,公明党,1,196765.000,5,99
r06-10-27,四国,自由民主党,1,479835.000,1,99
r06-10-27,四国,国民民主党,1,233515.289,4,99
r06-10-27,四国,日本共産党,2,44112.000,,99
r06-10-27,四国,日本維新の会,2,51618.500,,99
r06-10-27,四国,立憲民主党,2,140604.809,,99
r06-10-27,四国,公明党,2,98382.500,,99
r06-10-27,四国,自由民主党,2,239917.500,3,99
r06-10-27,四国,立憲民主党,3,93736.539,,99
r06-10-27,四国,自由民主党,3,159945.000,6,99
r06-10-27,四国,立憲民主党,4,70302.404,,99
r06-10-27,四国,自由民主党,4,119958.750,,99
r06-10-27,四国,立憲民主党,5,56241.923,,99
r06-10-27,四国,自由民主党,5,95967.000,,99
r06-10-27,四国,立憲民主党,6,46868.270,,99
r06-10-27,四国,自由民主党,6,79972.500,,99
r06-10-27,四国,自由民主党,7,68547.857,,99
r06-10-27,四国,自由民主党,8,59979.375,,99
r06-10-27,四国,れいわ新選組,1,95973.000,,100
r06-10-27,九州,日本共産党,1,275408.000,19,101
r06-10-27,九州,れいわ新選組,1,461425.000,8,101
r06-10-27,九州,立憲民主党,1,1200921.652,2,101
r06-10-27,九州,国民民主党,1,564911.059,6,101
r06-10-27,九州,日本維新の会,1,382034.000,12,101
r06-10-27,九州,社会民主党,1,200694.000,,101
r06-10-27,九州,自由民主党,1,1682815.000,1,101
r06-10-27,九州,日本共産党,2,137704.000,,101
r06-10-27,九州,れいわ新選組,2,230712.500,,101
r06-10-27,九州,立憲民主党,2,600460.826,5,101
r06-10-27,九州,国民民主党,2,282455.530,16,101
r06-10-27,九州,日本維新の会,2,191017.000,,101
r06-10-27,九州,社会民主党,2,100347.000,,101
r06-10-27,九州,自由民主党,2,841407.500,4,101
r06-10-27,九州,れいわ新選組,3,153808.333,,101
r06-10-27,九州,立憲民主党,3,400307.217,11,101
r06-10-27,九州,国民民主党,3,188303.686,,101
r06-10-27,九州,日本維新の会,3,127344.667,,101
r06-10-27,九州,社会民主党,3,66898.000,,101
r06-10-27,九州,自由民主党,3,560938.333,7,101
r06-10-27,九州,立憲民主党,4,300230.413,14,101
r06-10-27,九州,日本維新の会,4,95508.500,,101
r06-10-27,九州,自由民主党,4,420703.750,10,101
r06-10-27,九州,立憲民主党,5,240184.330,,101
r06-10-27,九州,日本維新の会,5,76406.800,,101
r06-10-27,九州,自由民主党,5,336563.000,13,101
r06-10-27,九州,立憲民主党,6,200153.609,,101
r06-10-27,九州,日本維新の会,6,63672.333,,101
r06-10-27,九州,自由民主党,6,280469.167,17,101
r06-10-27,九州,立憲民主党,7,171560.236,,101
r06-10-27,九州,日本維新の会,7,54576.286,,101
r06-10-27,九州,自由民主党,7,240402.143,20,101
r06-10-27,九州,立憲民主党,8,150115.207,,101
r06-10-27,九州,日本維新の会,8,47754.250,,101
r06-10-27,九州,自由民主党,8,210351.875,,101
r06-10-27,九州,立憲民主党,9,133435.739,,101
r06-10-27,九州,日本維新の会,9,42448.222,,101
r06-10-27,九州,自由民主党,9,186979.444,,101
r06-10-27,九州,立憲民主党,10,120092.165,,101
r06-10-27,九州,自由民主党,10,168281.500,,101
r06-10-27,九州,立憲民主党,11,109174.696,,101
r06-10-27,九州,自由民主党,11,152983.182,,101
r06-10-27,九州,立憲民主党,12,100076.804,,101
r06-10-27,九州,自由民主党,12,140234.583,,101
r06-10-27,九州,立憲民主党,13,92378.589,,101
r06-10-27,九州,自由民主党,13,129447.308,,101
r06-10-27,九州,立憲民主党,14,85780.118,,101
r06-10-27,九州,自由民主党,14,120201.071,,101
r06-10-27,九州,自由民主党,15,112187.667,,101
r06-10-27,九州,自由民主党,16,105175.938,,101
r06-10-27,九州,公明党,1,859912.000,3,102
r06-10-27,九州,参政党,1,277201.000,18,102
r06-10-27,九州,公明党,2,429956.000,9,102
r06-10-27,九州,参政党,2,138600.500,,102
r06-10-27,九州,公明党,3,286637.333,15,102
r06-10-27,九州,公明党,4,214978.000,,102
r06-10-27,九州,公明党,5,171982.400,,102
r06-10-27,九州,公明党,6,143318.667,,102
