election_id,block,party,list_rank,name,elected_order,elected_pr,smd_result,sekihai_rate,sekihai_excluded,dual_candidacy,source_page
r06-10-27,北海道,日本維新の会,1,山崎泉,,false,落,34.119,false,true,48
r06-10-27,北海道,自由民主党,1,伊東よしたか,1,true,,,false,false,48
r06-10-27,北海道,れいわ新選組,1,のむらパターソン和孝,,false,,,false,false,48
r06-10-27,北海道,参政党,1,田中よしひと,,false,落,,true,true,48
r06-10-27,北海道,日本維新の会,1,とりこし良孝,,false,落,,true,true,48
r06-10-27,北海道,自由民主党,2,東くによし,,false,当,100.000,false,true,48
r06-10-27,北海道,日本維新の会,1,小林さとる,,false,落,,true,true,48
r06-10-27,北海道,自由民主党,2,鈴木たかこ,,false,当,100.000,false,true,48
r06-10-27,北海道,日本維新の会,4,喜多義典,,false,,,false,false,48
r06-10-27,北海道,自由民主党,2,武部あらた,,false,当,100.000,false,true,48
r06-10-27,北海道,自由民主党,2,中村ひろゆき,2,true,落,92.714,false,true,48
r06-10-27,北海道,自由民主党,2,向山じゅん,3,true,落,84.909,false,true,48
r06-10-27,北海道,自由民主党,2,高木ひろひさ,,false,落,82.976,false,true,48
r06-10-27,北海道,自由民主党,2,髙橋ゆうすけ,,false,落,81.737,false,true,48
r06-10-27,北海道,自由民主党,2,中川ゆうこ,,false,落,79.123,false,true,48
r06-10-27,北海道,自由民主党,2,かとう貴弘,,false,落,73.927,false,true,48
r06-10-27,北海道,自由民主党,2,松下ひでき,,false,落,58.796,false,true,48
r06-10-27,北海道,自由民主党,12,渡辺孝一,,false,,,false,false,48
r06-10-27,北海道,自由民主党,13,三輪綾子,,false,,,false,false,48
r06-10-27,北海道,自由民主党,14,相馬亜紀,,false,,,false,false,48
r06-10-27,北海道,自由民主党,15,久保じゅん,,false,,,false,false,48
r06-10-27,北海道,安楽死制度を考える会,1,佐野秀光,,false,,,false,false,49
r06-10-27,北海道,社会民主党,1,鳴海一芳,,false,,,false,false,49
r06-10-27,北海道,公明党,1,佐藤英道,1,true,,,false,false,49
r06-10-27,北海道,日本保守党,1,小野寺まさる,,false,,,false,false,49
r06-10-27,北海道,安楽死制度を考える会,2,中村治,,false,,,false,false,49
r06-10-27,北海道,公明党,2,齊道勇太,,false,,,false,false,49
r06-10-27,北海道,日本保守党,2,堀田真作,,false,,,false,false,49
r06-10-27,北海道,日本共産党,1,はたやま和也,,false,,,false,false,50
r06-10-27,北海道,国民民主党,1,臼木ひでたけ,1,true,,,false,false,50
r06-10-27,北海道,立憲民主党,1,池田まき,,false,当,100.000,false,true,50
r06-10-27,北海道,日本共産党,2,宮内しおり,,false,落,33.887,false,true,50
r06-10-27,北海道,立憲民主党,1,しのだ奈保子,1,true,落,71.108,false,true,50
r06-10-27,北海道,立憲民主党,3,道下大樹,,false,当,100.000,false,true,50
r06-10-27,北海道,立憲民主党,3,松木けんこう,,false,当,100.000,false,true,50
r06-10-27,北海道,立憲民主党,3,荒井ゆたか,,false,当,100.000,false,true,50
r06-10-27,北海道,立憲民主党,3,おおつきくれは,,false,当,100.000,false,true,50
r06-10-27,北海道,立憲民主党,3,山岡達丸,,false,当,100.000,false,true,50
r06-10-27,北海道,立憲民主党,3,神谷ひろし,,false,当,100.000,false,true,50
r06-10-27,北海道,立憲民主党,3,石川かおり,,false,当,100.000,false,true,50
r06-10-27,北海道,立憲民主党,3,にしかわ将人,2,true,落,93.543,false,true,50
r06-10-27,北海道,立憲民主党,3,かわはらだ英世,3,true,落,91.052,false,true,50
r06-10-27,北海道,立憲民主党,12,石川知裕,,false,,,false,false,50
r06-10-27,北海道,立憲民主党,13,石川秀行,,false,,,false,false,50
r06-10-27,北海道,立憲民主党,14,鈴木敦子,,false,,,false,false,50
r06-10-27,北海道,立憲民主党,15,田島央一,,false,,,false,false,50
r06-10-27,東北,自由民主党,1,江渡あきのり,1,true,,,false,false,51
r06-10-27,東北,日本共産党,1,高橋ちづ子,,false,,,false,false,51
r06-10-27,東北,社会民主党,1,伊藤正通,,false,,,false,false,51
r06-10-27,東北,国民民主党,1,村岡としひで,,false,当,100.000,false,true,51
r06-10-27,東北,自由民主党,2,もりした千里,2,true,,,false,false,51
r06-10-27,東北,日本共産党,2,吉田恭子,,false,落,16.277,false,true,51
r06-10-27,東北,国民民主党,1,きくち大二郎,1,true,落,53.463,false,true,51
r06-10-27,東北,自由民主党,3,つしま淳,,false,当,100.000,false,true,51
r06-10-27,東北,日本共産党,3,大内まり,,false,,,false,false,51
r06-10-27,東北,国民民主党,1,かねはまあきら,,false,落,40.550,false,true,51
r06-10-27,東北,自由民主党,3,神田潤一,,false,当,100.000,false,true,51
r06-10-27,東北,自由民主党,3,とがし博之,,false,当,100.000,false,true,51
r06-10-27,東北,自由民主党,3,すずきのりかず,,false,当,100.000,false,true,51
r06-10-27,東北,自由民主党,3,かとう鮎子,,false,当,100.000,false,true,51
r06-10-27,東北,自由民主党,3,坂本竜太郎,,false,当,100.000,false,true,51
r06-10-27,東北,自由民主党,3,福原じゅんじ,3,true,落,91.966,false,true,51
r06-10-27,東北,自由民主党,3,みのり川信英,4,true,落,90.025,false,true,51
r06-10-27,東北,自由民主党,3,根本拓,5,true,落,75.141,false,true,51
r06-10-27,東北,自由民主党,3,土井とおる,,false,落,71.150,false,true,51
r06-10-27,東北,自由民主党,3,いとう信太郎,,false,落,64.185,false,true,51
r06-10-27,東北,自由民主党,3,秋葉けんや,,false,落,61.545,false,true,51
r06-10-27,東北,自由民主党,3,米内ひろまさ,,false,落,46.206,false,true,51
r06-10-27,東北,自由民主党,16,伊藤聡,,false,,,false,false,51
r06-10-27,東北,自由民主党,17,藤田誠,,false,,,false,false,51
r06-10-27,東北,自由民主党,18,小林文紀,,false,,,false,false,51
r06-10-27,東北,自由民主党,19,佐々木あすか,,false,,,false,false,51
r06-10-27,東北,公明党,1,庄子賢一,1,true,,,false,false,52
r06-10-27,東北,日本維新の会,1,松浦だいご,,false,落,29.584,false,true,52
r06-10-27,東北,参政党,1,山中泉,,false,,,false,false,52
r06-10-27,東北,立憲民主党,1,馬場ゆうき,1,true,,,false,false,52
r06-10-27,東北,公明党,2,小野寺泰明,,false,,,false,false,52
r06-10-27,東北,日本維新の会,1,早坂あつし,,false,落,26.606,false,true,52
r06-10-27,東北,立憲民主党,2,岡田はなこ,,false,当,100.000,false,true,52
r06-10-27,東北,公明党,3,佐々木伸和,,false,,,false,false,52
r06-10-27,東北,日本維新の会,1,高橋こうじ,,false,落,22.452,false,true,52
r06-10-27,東北,立憲民主党,2,しなたけし,,false,当,100.000,false,true,52
r06-10-27,東北,日本維新の会,1,さかいつねはる,,false,落,20.022,false,true,52
r06-10-27,東北,立憲民主党,2,小沢一郎,,false,当,100.000,false,true,52
r06-10-27,東北,日本維新の会,1,さとうゆういち,,false,落,,true,true,52
r06-10-27,東北,立憲民主党,2,岡本あき子,,false,当,100.000,false,true,52
r06-10-27,東北,日本維新の会,1,長坂じゅんや,,false,落,,true,true,52
r06-10-27,東北,立憲民主党,2,鎌田さゆり,,false,当,100.000,false,true,52
r06-10-27,東北,立憲民主党,2,柳沢つよし,,false,当,100.000,false,true,52
r06-10-27,東北,立憲民主党,2,安住淳,,false,当,100.000,false,true,52
r06-10-27,東北,立憲民主党,2,緑川たかし,,false,当,100.000,false,true,52
r06-10-27,東北,立憲民主党,2,かねこ恵美,,false,当,100.000,false,true,52
r06-10-27,東北,立憲民主党,2,げんば光一郎,,false,当,100.000,false,true,52
r06-10-27,東北,立憲民主党,2,おぐま慎司,,false,当,100.000,false,true,52
r06-10-27,東北,立憲民主党,2,寺田学,2,true,落,98.555,false,true,52
r06-10-27,東北,立憲民主党,2,ますた世喜男,3,true,落,93.373,false,true,52
r06-10-27,東北,立憲民主党,2,斎藤ゆうき,4,true,落,91.786,false,true,52
r06-10-27,東北,立憲民主党,2,原田まさひろ,,false,落,70.163,false,true,52
r06-10-27,東北,立憲民主党,2,石黒さとる,,false,落,67.194,false,true,52
r06-10-27,東北,立憲民主党,2,中村ゆきこ,,false,落,61.081,false,true,52
r06-10-27,東北,立憲民主党,2,小川のりよ,,false,落,26.557,false,true,52
r06-10-27,東北,立憲民主党,20,伊藤勢至,,false,,,false,false,52
r06-10-27,東北,立憲民主党,21,岸田清実,,false,,,false,false,52
r06-10-27,東北,れいわ新選組,1,にとうべとうま,,false,落,,true,true,53
r06-10-27,東北,れいわ新選組,1,大林まさひで,,false,落,,true,true,53
r06-10-27,東北,れいわ新選組,3,佐原若子,1,true,,,false,false,53
r06-10-27,北関東,日本共産党,1,塩川鉄也,1,true,,,false,false,54
r06-10-27,北関東,日本保守党,1,伊藤純子,,false,,,false,false,54
r06-10-27,北関東,自由民主党,1,はなし康弘,,false,当,100.000,false,true,54
r06-10-27,北関東,国民民主党,1,浅野さとし,,false,当,100.000,false,true,54
r06-10-27,北関東,日本共産党,2,梅村さえこ,,false,,,false,false,54
r06-10-27,北関東,日本保守党,2,野寺直美,,false,,,false,false,54
r06-10-27,北関東,自由民主党,1,梶山ひろし,,false,当,100.000,false,true,54
r06-10-27,北関東,国民民主党,1,鈴木よしひろ,,false,当,100.000,false,true,54
r06-10-27,北関東,日本共産党,3,高橋誠一郎,,false,落,,true,true,54
r06-10-27,北関東,日本保守党,3,五位野一法,,false,,,false,false,54
r06-10-27,北関東,自由民主党,1,船田はじめ,,false,当,100.000,false,true,54
r06-10-27,北関東,国民民主党,1,橋本みきひこ,,false,当,100.000,false,true,54
r06-10-27,北関東,日本保守党,4,宮入良明,,false,,,false,false,54
r06-10-27,北関東,自由民主党,1,茂木としみつ,,false,当,100.000,false,true,54
r06-10-27,北関東,国民民主党,1,岸田光広,1,true,落,64.204,false,true,54
r06-10-27,北関東,自由民主党,1,中曽根やすたか,,false,当,100.000,false,true,54
r06-10-27,北関東,自由民主党,1,いのとしろう,,false,当,100.000,false,true,54
r06-10-27,北関東,自由民主党,1,ささがわ博義,,false,当,100.000,false,true,54
r06-10-27,北関東,自由民主党,1,おぶち優子,,false,当,100.000,false,true,54
r06-10-27,北関東,自由民主党,1,村井ひでき,,false,当,100.000,false,true,54
r06-10-27,北関東,自由民主党,1,しんどう義孝,,false,当,100.000,false,true,54
r06-10-27,北関東,自由民主党,1,きかわだひとし,,false,当,100.000,false,true,54
r06-10-27,北関東,自由民主党,1,ほさかやすし,,false,当,100.000,false,true,54
r06-10-27,北関東,自由民主党,1,小泉りゅうじ,,false,当,100.000,false,true,54
r06-10-27,北関東,自由民主党,1,田中良生,,false,当,100.000,false,true,54
r06-10-27,北関東,自由民主党,1,つちや品子,,false,当,100.000,false,true,54
r06-10-27,北関東,自由民主党,1,中野ひでゆき,1,true,落,90.728,false,true,54
r06-10-27,北関東,自由民主党,1,国光あやの,2,true,落,89.098,false,true,54
r06-10-27,北関東,自由民主党,1,ながおか桂子,3,true,落,88.572,false,true,54
r06-10-27,北関東,自由民主党,1,田所よしのり,4,true,落,81.661,false,true,54
r06-10-27,北関東,自由民主党,1,さとう勉,5,true,落,77.930,false,true,54
r06-10-27,北関東,自由民主党,1,いがらし清,6,true,落,75.983,false,true,54
r06-10-27,北関東,自由民主党,1,野中あつし,7,true,落,73.937,false,true,54
r06-10-27,北関東,自由民主党,1,牧原ひでき,,false,落,72.602,false,true,54
r06-10-27,北関東,自由民主党,1,石川あきまさ,,false,落,72.597,false,true,54
r06-10-27,北関東,自由民主党,1,山口すすむ,,false,落,69.436,false,true,54
r06-10-27,北関東,自由民主党,26,小倉悠里,,false,,,false,false,54
r06-10-27,北関東,自由民主党,27,西條昌良,,false,,,false,false,54
r06-10-27,北関東,自由民主党,28,原かずたか,,false,,,false,false,54
r06-10-27,北関東,自由民主党,29,須賀敬史,,false,,,false,false,54
r06-10-27,北関東,自由民主党,30,浅井昌志,,false,,,false,false,54
r06-10-27,北関東,自由民主党,31,友田雅明,,false,,,false,false,54
r06-10-27,北関東,自由民主党,32,増田勝,,false,,,false,false,54
r06-10-27,北関東,自由民主党,33,下田彰一,,false,,,false,false,54
r06-10-27,北関東,自由民主党,34,冨山ひで子,,false,,,false,false,54
r06-10-27,北関東,自由民主党,35,山崎大二郎,,false,,,false,false,54
r06-10-27,北関東,自由民主党,36,小菅亜希子,,false,,,false,false,54
r06-10-27,北関東,日本維新の会,1,高橋英明,1,true,落,59.563,false,true,55
r06-10-27,北関東,参政党,1,大津力,,false,,,false,false,55
r06-10-27,北関東,公明党,1,こしみず恵一,1,true,,,false,false,55
r06-10-27,北関東,社会民主党,1,土屋香織,,false,,,false,false,55
r06-10-27,北関東,日本維新の会,1,柏倉ゆうじ,,false,落,58.073,false,true,55
r06-10-27,北関東,公明党,2,福重隆浩,2,true,,,false,false,55
r06-10-27,北関東,日本維新の会,1,沢田良,,false,落,53.881,false,true,55
r06-10-27,北関東,公明党,3,山口良治,3,true,,,false,false,55
r06-10-27,北関東,日本維新の会,1,中村りか,,false,落,44.877,false,true,55
r06-10-27,北関東,公明党,4,大塚英樹,,false,,,false,false,55
r06-10-27,北関東,日本維新の会,1,渡辺やすゆき,,false,落,41.458,false,true,55
r06-10-27,北関東,日本維新の会,1,加来たけよし,,false,落,40.777,false,true,55
r06-10-27,北関東,日本維新の会,1,中島ゆみこ,,false,落,38.235,false,true,55
r06-10-27,北関東,日本維新の会,1,伊勢田みちこ,,false,落,37.201,false,true,55
r06-10-27,北関東,日本維新の会,1,中原よしむね,,false,落,35.094,false,true,55
r06-10-27,北関東,日本維新の会,1,石川たかみ,,false,落,32.059,false,true,55
r06-10-27,北関東,日本維新の会,1,いまむら敏昭,,false,落,30.388,false,true,55
r06-10-27,北関東,日本維新の会,1,橋口なほ,,false,落,28.375,false,true,55
r06-10-27,北関東,日本維新の会,1,むとうひろみつ,,false,落,27.755,false,true,55
r06-10-27,北関東,日本維新の会,1,近藤ひでまさ,,false,落,26.086,false,true,55
r06-10-27,北関東,日本維新の会,1,いちの一馬,,false,落,25.540,false,true,55
r06-10-27,北関東,日本維新の会,1,むとうゆう子,,false,落,25.061,false,true,55
r06-10-27,北関東,日本維新の会,1,ほそやみえこ,,false,落,23.218,false,true,55
r06-10-27,北関東,日本維新の会,1,あさのめ義英,,false,落,,true,true,55
r06-10-27,北関東,日本維新の会,1,やこう勘司,,false,落,20.118,false,true,55
r06-10-27,北関東,立憲民主党,1,青山やまと,,false,当,100.000,false,true,56
r06-10-27,北関東,れいわ新選組,1,高井たかし,1,true,落,36.194,false,true,56
r06-10-27,北関東,立憲民主党,1,福田あきお,,false,当,100.000,false,true,56
r06-10-27,北関東,れいわ新選組,2,長谷川ういこ,,false,,,false,false,56
r06-10-27,北関東,立憲民主党,1,藤岡たかお,,false,当,100.000,false,true,56
r06-10-27,北関東,れいわ新選組,3,前田健司,,false,,,false,false,56
r06-10-27,北関東,立憲民主党,1,えだの幸男,,false,当,100.000,false,true,56
r06-10-27,北関東,立憲民主党,1,大島あつし,,false,当,100.000,false,true,56
r06-10-27,北関東,立憲民主党,1,こみやま泰子,,false,当,100.000,false,true,56
r06-10-27,北関東,立憲民主党,1,すぎむら慎治,,false,当,100.000,false,true,56
r06-10-27,北関東,立憲民主党,1,坂本ゆうのすけ,,false,当,100.000,false,true,56
r06-10-27,北関東,立憲民主党,1,森田としかず,,false,当,100.000,false,true,56
r06-10-27,北関東,立憲民主党,1,長谷川かいち,1,true,落,99.714,false,true,56
r06-10-27,北関東,立憲民主党,1,たけまさ公一,2,true,落,96.235,false,true,56
r06-10-27,北関東,立憲民主党,1,三角そうた,3,true,落,96.016,false,true,56
r06-10-27,北関東,立憲民主党,1,竹内千春,4,true,落,86.704,false,true,56
r06-10-27,北関東,立憲民主党,1,いちき伴子,5,true,落,83.219,false,true,56
r06-10-27,北関東,立憲民主党,1,高木れんたろう,,false,落,81.591,false,true,56
r06-10-27,北関東,立憲民主党,1,板津ゆか,,false,落,80.316,false,true,56
r06-10-27,北関東,立憲民主党,1,かじおか博樹,,false,落,75.624,false,true,56
r06-10-27,北関東,立憲民主党,1,白井けいこ,,false,落,67.953,false,true,56
r06-10-27,北関東,立憲民主党,1,いが央,,false,落,67.872,false,true,56
r06-10-27,北関東,立憲民主党,1,山田ひろき,,false,落,58.330,false,true,56
r06-10-27,北関東,立憲民主党,1,島田誠,,false,落,54.053,false,true,56
r06-10-27,北関東,立憲民主党,1,まつうら玄嗣,,false,落,47.369,false,true,56
r06-10-27,北関東,立憲民主党,23,若林幸子,,false,,,false,false,56
r06-10-27,北関東,立憲民主党,24,木村誠,,false,,,false,false,56
r06-10-27,北関東,立憲民主党,25,渡會光恵,,false,,,false,false,56
r06-10-27,南関東,日本保守党,1,小坂英二,,false,,,false,false,57
r06-10-27,南関東,日本維新の会,1,金村りゅうな,1,true,落,89.092,false,true,57
r06-10-27,南関東,社会民主党,1,佐々木かつみ,,false,落,31.020,false,true,57
r06-10-27,南関東,自由民主党,1,小林たかゆき,,false,当,100.000,false,true,57
r06-10-27,南関東,日本保守党,2,大河内元喜,,false,,,false,false,57
r06-10-27,南関東,日本維新の会,1,藤巻けんた,2,true,落,42.585,false,true,57
r06-10-27,南関東,社会民主党,1,原田よしやす,,false,落,,true,true,57
r06-10-27,南関東,自由民主党,1,さいとう健,,false,当,100.000,false,true,57
r06-10-27,南関東,日本保守党,3,森健太郎,,false,,,false,false,57
r06-10-27,南関東,日本維新の会,1,久坂くにえ,,false,落,42.068,false,true,57
r06-10-27,南関東,自由民主党,1,小池まさあき,,false,当,100.000,false,true,57
r06-10-27,南関東,日本保守党,4,渡邉紀明,,false,,,false,false,57
r06-10-27,南関東,日本維新の会,1,横田光弘,,false,落,40.399,false,true,57
r06-10-27,南関東,自由民主党,1,浜田やすかず,,false,当,100.000,false,true,57
r06-10-27,南関東,日本保守党,5,服部徹,,false,,,false,false,57
r06-10-27,南関東,日本維新の会,1,そえだ勝,,false,落,39.850,false,true,57
r06-10-27,南関東,自由民主党,1,松本ひさし,,false,当,100.000,false,true,57
r06-10-27,南関東,日本維新の会,1,田沼たかし,,false,落,38.262,false,true,57
r06-10-27,南関東,自由民主党,1,中西けんじ,,false,当,100.000,false,true,57
r06-10-27,南関東,日本維新の会,1,金子洋一,,false,落,37.883,false,true,57
r06-10-27,南関東,自由民主党,1,さかい学,,false,当,100.000,false,true,57
r06-10-27,南関東,日本維新の会,1,加藤ちか,,false,落,35.742,false,true,57
r06-10-27,南関東,自由民主党,1,あかま二郎,,false,当,100.000,false,true,57
r06-10-27,南関東,日本維新の会,1,水戸まさし,,false,落,34.940,false,true,57
r06-10-27,南関東,自由民主党,1,河野太郎,,false,当,100.000,false,true,57
r06-10-27,南関東,日本維新の会,1,浅川義治,,false,落,31.414,false,true,57
r06-10-27,南関東,自由民主党,1,牧島かれん,,false,当,100.000,false,true,57
r06-10-27,南関東,日本維新の会,1,雨宮きょうこ,,false,落,29.131,false,true,57
r06-10-27,南関東,自由民主党,1,くさま剛,,false,当,100.000,false,true,57
r06-10-27,南関東,日本維新の会,1,佐藤かおり,,false,落,28.897,false,true,57
r06-10-27,南関東,自由民主党,1,堀内のり子,,false,当,100.000,false,true,57
r06-10-27,南関東,日本維新の会,1,しおさか源一郎,,false,落,28.668,false,true,57
r06-10-27,南関東,自由民主党,1,古川なおき,1,true,落,98.845,false,true,57
r06-10-27,南関東,日本維新の会,1,岸野ともやす,,false,落,,true,true,57
r06-10-27,南関東,自由民主党,1,中谷真一,2,true,落,92.600,false,true,57
r06-10-27,南関東,日本維新の会,1,吉田大成,,false,落,25.866,false,true,57
r06-10-27,南関東,自由民主党,1,えりアルフィヤ,3,true,落,90.315,false,true,57
r06-10-27,南関東,日本維新の会,1,石塚さだみち,,false,落,25.849,false,true,57
r06-10-27,南関東,自由民主党,1,鈴木けいすけ,4,true,落,85.293,false,true,57
r06-10-27,南関東,日本維新の会,1,地引直輝,,false,落,24.530,false,true,57
r06-10-27,南関東,自由民主党,1,みたに英弘,5,true,落,79.879,false,true,57
r06-10-27,南関東,日本維新の会,1,熊坂たかのり,,false,落,,true,true,57
r06-10-27,南関東,自由民主党,1,星野つよし,6,true,落,77.907,false,true,57
r06-10-27,南関東,日本維新の会,1,むなかた富次郎,,false,落,23.218,false,true,57
r06-10-27,南関東,自由民主党,1,やまぎわ大志郎,7,true,落,76.630,false,true,57
r06-10-27,南関東,日本維新の会,1,よだかずたか,,false,落,22.124,false,true,57
r06-10-27,南関東,自由民主党,1,たみやひさと,,false,落,76.403,false,true,57
r06-10-27,南関東,日本維新の会,1,京としひで,,false,落,,true,true,57
r06-10-27,南関東,自由民主党,1,松本いずみ,,false,落,75.077,false,true,57
r06-10-27,南関東,日本維新の会,1,いさじよしえ,,false,落,,true,true,57
r06-10-27,南関東,自由民主党,1,木村てつや,,false,落,74.023,false,true,57
r06-10-27,南関東,自由民主党,1,まるたこう一郎,,false,落,67.809,false,true,57
r06-10-27,南関東,自由民主党,1,門山ひろあき,,false,落,62.763,false,true,57
r06-10-27,南関東,自由民主党,1,中山のりひろ,,false,落,55.772,false,true,57
r06-10-27,南関東,自由民主党,1,山本ともひろ,,false,落,45.436,false,true,57
r06-10-27,南関東,自由民主党,1,高橋きょうすけ,,false,落,35.470,false,true,57
r06-10-27,南関東,自由民主党,28,森田鉄平,,false,,,false,false,57
r06-10-27,南関東,自由民主党,29,梅崎瑞希,,false,,,false,false,57
r06-10-27,南関東,自由民主党,30,吉沢直美,,false,,,false,false,57
r06-10-27,南関東,自由民主党,31,文月涼,,false,,,false,false,57
r06-10-27,南関東,立憲民主党,1,たじま要,,false,当,100.000,false,true,58
r06-10-27,南関東,公明党,1,角田秀穂,1,true,,,false,false,58
r06-10-27,南関東,れいわ新選組,1,たがや亮,1,true,落,49.482,false,true,58
r06-10-27,南関東,日本共産党,1,志位和夫,1,true,,,false,false,58
r06-10-27,南関東,立憲民主党,1,水沼ひでゆき,,false,当,100.000,false,true,58
r06-10-27,南関東,公明党,2,沼﨑満子,2,true,,,false,false,58
r06-10-27,南関東,れいわ新選組,1,三好りょう,,false,落,23.032,false,true,58
r06-10-27,南関東,日本共産党,2,はたの君枝,,false,,,false,false,58
r06-10-27,南関東,立憲民主党,1,矢崎けんたろう,,false,当,100.000,false,true,58
r06-10-27,南関東,公明党,3,原田直樹,,false,,,false,false,58
r06-10-27,南関東,れいわ新選組,1,ミサオ・レッドウルフ,,false,落,,true,true,58
r06-10-27,南関東,日本共産党,3,さいとう和子,,false,,,false,false,58
r06-10-27,南関東,立憲民主党,1,安藤じゅん子,,false,当,100.000,false,true,58
r06-10-27,南関東,公明党,4,豊澤健児,,false,,,false,false,58
r06-10-27,南関東,れいわ新選組,4,竹内雅浩,,false,,,false,false,58
r06-10-27,南関東,日本共産党,4,横山せいご,,false,落,,true,true,58
r06-10-27,南関東,立憲民主党,1,本庄さとし,,false,当,100.000,false,true,58
r06-10-27,南関東,立憲民主党,1,おくの総一郎,,false,当,100.000,false,true,58
r06-10-27,南関東,立憲民主党,1,しのはら豪,,false,当,100.000,false,true,58
r06-10-27,南関東,立憲民主党,1,早稲田ゆき,,false,当,100.000,false,true,58
r06-10-27,南関東,立憲民主党,1,あおやぎ陽一郎,,false,当,100.000,false,true,58
r06-10-27,南関東,立憲民主党,1,中谷一馬,,false,当,100.000,false,true,58
r06-10-27,南関東,立憲民主党,1,江田けんじ,,false,当,100.000,false,true,58
r06-10-27,南関東,立憲民主党,1,笠ひろふみ,,false,当,100.000,false,true,58
r06-10-27,南関東,立憲民主党,1,あべともこ,,false,当,100.000,false,true,58
r06-10-27,南関東,立憲民主党,1,太ひでし,,false,当,100.000,false,true,58
r06-10-27,南関東,立憲民主党,1,ごとう祐一,,false,当,100.000,false,true,58
r06-10-27,南関東,立憲民主党,1,そうの創,,false,当,100.000,false,true,58
r06-10-27,南関東,立憲民主党,1,大塚さゆり,,false,当,100.000,false,true,58
r06-10-27,南関東,立憲民主党,1,中島かつひと,,false,当,100.000,false,true,58
r06-10-27,南関東,立憲民主党,1,谷田川はじめ,1,true,落,97.638,false,true,58
r06-10-27,南関東,立憲民主党,1,佐々木ナオミ,2,true,落,96.377,false,true,58
r06-10-27,南関東,立憲民主党,1,みやかわ伸,3,true,落,96.331,false,true,58
r06-10-27,南関東,立憲民主党,1,岡島かずまさ,4,true,落,95.336,false,true,58
r06-10-27,南関東,立憲民主党,1,長友よしひろ,5,true,落,91.170,false,true,58
r06-10-27,南関東,立憲民主党,1,山崎誠,6,true,落,83.730,false,true,58
r06-10-27,南関東,立憲民主党,1,佐藤たかし,,false,落,79.074,false,true,58
r06-10-27,南関東,立憲民主党,1,中村たけと,,false,落,77.572,false,true,58
r06-10-27,南関東,立憲民主党,1,鈴木みつたか,,false,落,68.680,false,true,58
r06-10-27,南関東,立憲民主党,1,ひだか剛,,false,落,42.742,false,true,58
r06-10-27,南関東,立憲民主党,1,やなぎや東三楼,,false,落,39.500,false,true,58
r06-10-27,南関東,立憲民主党,30,金子健一,,false,,,false,false,58
r06-10-27,南関東,立憲民主党,31,今野典人,,false,,,false,false,58
r06-10-27,南関東,立憲民主党,32,爲谷義隆,,false,,,false,false,58
r06-10-27,南関東,国民民主党,1,深作ヘスス,1,true,落,78.641,false,true,59
r06-10-27,南関東,参政党,1,鈴木あつし,1,true,,,false,false,59
r06-10-27,南関東,国民民主党,1,岡野純子,2,true,落,77.286,false,true,59
r06-10-27,南関東,参政党,2,江岡たかひろ,,false,落,,true,true,59
r06-10-27,南関東,国民民主党,1,西岡よしたか,3,true,落,76.634,false,true,59
r06-10-27,南関東,参政党,2,藤田しゅういち,,false,落,18.461,false,true,59
r06-10-27,南関東,国民民主党,1,平戸航太,,false,落,62.645,false,true,59
r06-10-27,東京都,日本共産党,1,田村智子,1,true,,,false,false,60
r06-10-27,東京都,立憲民主党,1,海江田万里,,false,当,100.000,false,true,60
r06-10-27,東京都,れいわ新選組,1,くしぶち万里,1,true,落,33.386,false,true,60
r06-10-27,東京都,社会民主党,1,桜井夏来,,false,,,false,false,60
r06-10-27,東京都,日本共産党,2,宮本徹,,false,落,62.335,false,true,60
r06-10-27,東京都,立憲民主党,1,手塚よしお,,false,当,100.000,false,true,60
r06-10-27,東京都,れいわ新選組,1,よだかれん,,false,落,26.409,false,true,60
r06-10-27,東京都,日本共産党,3,谷川智行,,false,落,37.925,false,true,60
r06-10-27,東京都,立憲民主党,1,落合貴之,,false,当,100.000,false,true,60
r06-10-27,東京都,れいわ新選組,3,伊勢崎賢治,,false,,,false,false,60
r06-10-27,東京都,日本共産党,4,坂井和歌子,,false,,,false,false,60
r06-10-27,東京都,立憲民主党,1,松尾あきひろ,,false,当,100.000,false,true,60
r06-10-27,東京都,れいわ新選組,4,赤木善美,,false,,,false,false,60
r06-10-27,東京都,日本共産党,5,伊藤和子,,false,,,false,false,60
r06-10-27,東京都,立憲民主党,1,吉田はるみ,,false,当,100.000,false,true,60
r06-10-27,東京都,立憲民主党,1,山岸一生,,false,当,100.000,false,true,60
r06-10-27,東京都,立憲民主党,1,あくつ幸彦,,false,当,100.000,false,true,60
r06-10-27,東京都,立憲民主党,1,酒井なつみ,,false,当,100.000,false,true,60
r06-10-27,東京都,立憲民主党,1,末松義規,,false,当,100.000,false,true,60
r06-10-27,東京都,立憲民主党,1,大河原まさこ,,false,当,100.000,false,true,60
r06-10-27,東京都,立憲民主党,1,山花郁夫,,false,当,100.000,false,true,60
r06-10-27,東京都,立憲民主党,1,伊藤しゅんすけ,,false,当,100.000,false,true,60
r06-10-27,東京都,立憲民主党,1,ながつま昭,,false,当,100.000,false,true,60
r06-10-27,東京都,立憲民主党,1,高松さとし,,false,当,100.000,false,true,60
r06-10-27,東京都,立憲民主党,1,五十嵐えり,,false,当,100.000,false,true,60
r06-10-27,東京都,立憲民主党,1,鈴木ようすけ,1,true,落,99.368,false,true,60
r06-10-27,東京都,立憲民主党,1,松下玲子,2,true,落,97.796,false,true,60
r06-10-27,東京都,立憲民主党,1,有田芳生,3,true,落,90.490,false,true,60
r06-10-27,東京都,立憲民主党,1,あべ祐美子,4,true,落,87.864,false,true,60
r06-10-27,東京都,立憲民主党,1,柴田かつゆき,5,true,落,84.644,false,true,60
r06-10-27,東京都,立憲民主党,1,木村たけつか,,false,落,79.860,false,true,60
r06-10-27,東京都,立憲民主党,22,北出美翔,,false,,,false,false,60
r06-10-27,東京都,立憲民主党,23,岩永久佳,,false,,,false,false,60
r06-10-27,東京都,立憲民主党,24,本多平直,,false,,,false,false,60
r06-10-27,東京都,立憲民主党,25,川島智太郎,,false,,,false,false,60
r06-10-27,東京都,公明党,1,河西宏一,1,true,,,false,false,61
r06-10-27,東京都,日本維新の会,1,阿部司,1,true,落,75.834,false,true,61
r06-10-27,東京都,参政党,1,松田学,,false,,,false,false,61
r06-10-27,東京都,国民民主党,1,円より子,1,true,落,80.587,false,true,61
r06-10-27,東京都,公明党,2,大森江里子,2,true,,,false,false,61
r06-10-27,東京都,日本維新の会,1,いのくち幸子,2,true,落,65.772,false,true,61
r06-10-27,東京都,参政党,2,江崎さなえ,,false,落,,true,true,61
r06-10-27,東京都,国民民主党,1,森ようすけ,2,true,落,77.794,false,true,61
r06-10-27,東京都,公明党,3,中村真大,,false,,,false,false,61
r06-10-27,東京都,日本維新の会,1,小野たいすけ,,false,落,54.718,false,true,61
r06-10-27,東京都,参政党,2,望月まさのり,,false,落,,true,true,61
r06-10-27,東京都,国民民主党,1,鳩山紀一郎,3,true,落,73.470,false,true,61
r06-10-27,東京都,公明党,4,山岡篤史,,false,,,false,false,61
r06-10-27,東京都,日本維新の会,1,おときた駿,,false,落,50.899,false,true,61
r06-10-27,東京都,国民民主党,1,伊藤なな,,false,落,70.141,false,true,61
r06-10-27,東京都,日本維新の会,1,今村充,,false,落,45.208,false,true,61
r06-10-27,東京都,国民民主党,1,大西けんたろう,,false,落,70.066,false,true,61
r06-10-27,東京都,日本維新の会,1,いなば太郎,,false,落,43.958,false,true,61
r06-10-27,東京都,国民民主党,1,奥村よしひろ,,false,落,68.996,false,true,61
r06-10-27,東京都,日本維新の会,1,永野ひろ子,,false,落,42.309,false,true,61
r06-10-27,東京都,国民民主党,1,大くま利昭,,false,落,64.641,false,true,61
r06-10-27,東京都,日本維新の会,1,吉平としたか,,false,落,41.752,false,true,61
r06-10-27,東京都,国民民主党,1,井戸まさえ,,false,落,59.707,false,true,61
r06-10-27,東京都,日本維新の会,1,大豆生田みのる,,false,落,40.894,false,true,61
r06-10-27,東京都,国民民主党,1,たるい良和,,false,落,52.191,false,true,61
r06-10-27,東京都,日本維新の会,1,山下ようこ,,false,落,40.388,false,true,61
r06-10-27,東京都,国民民主党,1,おくもとゆり,,false,落,49.222,false,true,61
r06-10-27,東京都,日本維新の会,1,えびさわ由紀,,false,落,40.111,false,true,61
r06-10-27,東京都,国民民主党,1,浦川ゆうすけ,,false,落,31.121,false,true,61
r06-10-27,東京都,日本維新の会,1,中津川ひろさと,,false,落,39.786,false,true,61
r06-10-27,東京都,日本維新の会,1,宮﨑たろう,,false,落,37.180,false,true,61
r06-10-27,東京都,日本維新の会,1,石川まさとし,,false,落,36.950,false,true,61
r06-10-27,東京都,日本維新の会,1,重田じゅんぺい,,false,落,35.961,false,true,61
r06-10-27,東京都,日本維新の会,1,大河内しげた,,false,落,31.120,false,true,61
r06-10-27,東京都,日本維新の会,1,河村建一,,false,落,30.671,false,true,61
r06-10-27,東京都,日本維新の会,1,吉田圭一郎,,false,落,30.285,false,true,61
r06-10-27,東京都,日本維新の会,1,斉藤かよ,,false,落,28.509,false,true,61
r06-10-27,東京都,日本維新の会,1,藤川たかし,,false,落,,true,true,61
r06-10-27,東京都,日本維新の会,1,さとう由美,,false,落,,true,true,61
r06-10-27,東京都,日本維新の会,1,南北ちとせ,,false,落,,true,true,61
r06-10-27,東京都,自由民主党,1,清人,,false,当,100.000,false,true,62
r06-10-27,東京都,日本保守党,1,有本香,,false,,,false,false,62
r06-10-27,東京都,みんなでつくる党,1,大津あやか,,false,落,,true,true,62
r06-10-27,東京都,自由民主党,1,石原ひろたか,,false,当,100.000,false,true,62
r06-10-27,東京都,日本保守党,2,梅原克彦,,false,,,false,false,62
r06-10-27,東京都,自由民主党,1,平将明,,false,当,100.000,false,true,62
r06-10-27,東京都,日本保守党,3,冨田格,,false,,,false,false,62
r06-10-27,東京都,自由民主党,1,鈴木隼人,,false,当,100.000,false,true,62
r06-10-27,東京都,日本保守党,4,小柳岳史,,false,,,false,false,62
r06-10-27,東京都,自由民主党,1,高木けい,,false,当,100.000,false,true,62
r06-10-27,東京都,自由民主党,1,土田しん,,false,当,100.000,false,true,62
r06-10-27,東京都,自由民主党,1,松島みどり,,false,当,100.000,false,true,62
r06-10-27,東京都,自由民主党,1,大西洋平,,false,当,100.000,false,true,62
r06-10-27,東京都,自由民主党,1,福田かおる,,false,当,100.000,false,true,62
r06-10-27,東京都,自由民主党,1,木原誠二,,false,当,100.000,false,true,62
r06-10-27,東京都,自由民主党,1,井上信治,,false,当,100.000,false,true,62
r06-10-27,東京都,自由民主党,1,安藤たかお,1,true,落,99.336,false,true,62
r06-10-27,東京都,自由民主党,1,伊藤達也,2,true,落,96.951,false,true,62
r06-10-27,東京都,自由民主党,1,松本洋平,3,true,落,96.795,false,true,62
r06-10-27,東京都,自由民主党,1,大空こうき,4,true,落,93.981,false,true,62
r06-10-27,東京都,自由民主党,1,長島昭久,5,true,落,93.532,false,true,62
r06-10-27,東京都,自由民主党,1,若宮けんじ,,false,落,83.145,false,true,62
r06-10-27,東京都,自由民主党,1,門ひろこ,,false,落,64.386,false,true,62
r06-10-27,東京都,自由民主党,1,よしわら修,,false,落,63.614,false,true,62
r06-10-27,東京都,自由民主党,1,今岡うえき,,false,落,63.386,false,true,62
r06-10-27,東京都,自由民主党,1,土屋みわ,,false,落,59.595,false,true,62
r06-10-27,東京都,自由民主党,1,黒崎祐一,,false,落,53.343,false,true,62
r06-10-27,東京都,自由民主党,23,畦元将吾,,false,,,false,false,62
r06-10-27,東京都,自由民主党,24,廣田千晶,,false,,,false,false,62
r06-10-27,東京都,自由民主党,25,江成道子,,false,,,false,false,62
r06-10-27,東京都,自由民主党,26,松野未佳,,false,,,false,false,62
r06-10-27,東京都,自由民主党,27,岩﨑比菜,,false,,,false,false,62
r06-10-27,東京都,自由民主党,28,内村大地,,false,,,false,false,62
r06-10-27,東京都,自由民主党,29,小嶋友香里,,false,,,false,false,62
r06-10-27,北陸信越,日本維新の会,1,斉木武志,1,true,落,71.624,false,true,63
r06-10-27,北陸信越,公明党,1,中川宏昌,1,true,,,false,false,63
r06-10-27,北陸信越,参政党,1,小路あきら,,false,,,false,false,63
r06-10-27,北陸信越,社会民主党,1,堀井修,,false,,,false,false,63
r06-10-27,北陸信越,日本維新の会,1,手塚大輔,,false,落,51.651,false,true,63
r06-10-27,北陸信越,公明党,2,田島公一,,false,,,false,false,63
r06-10-27,北陸信越,日本維新の会,1,こばやし誠,,false,落,41.935,false,true,63
r06-10-27,北陸信越,日本維新の会,1,わかさ清史,,false,落,31.806,false,true,63
r06-10-27,北陸信越,日本維新の会,1,あさおか弘彦,,false,落,,true,true,63
r06-10-27,北陸信越,日本維新の会,1,井上もとゆき,,false,落,23.532,false,true,63
r06-10-27,北陸信越,日本維新の会,1,石﨑とおる,,false,落,,true,true,63
r06-10-27,北陸信越,日本維新の会,1,よしむらゆういちろう,,false,落,,true,true,63
r06-10-27,北陸信越,日本共産党,1,藤野やすふみ,,false,,,false,false,64
r06-10-27,北陸信越,立憲民主党,1,西村ちなみ,,false,当,100.000,false,true,64
r06-10-27,北陸信越,国民民主党,1,おだけかい,1,true,落,37.423,false,true,64
r06-10-27,北陸信越,れいわ新選組,1,井田克一,,false,,,false,false,64
r06-10-27,北陸信越,日本共産党,2,たいらあやこ,,false,,,false,false,64
r06-10-27,北陸信越,立憲民主党,1,菊田まきこ,,false,当,100.000,false,true,64
r06-10-27,北陸信越,国民民主党,1,おおくぼ光太,,false,落,35.481,false,true,64
r06-10-27,北陸信越,立憲民主党,1,黒岩たかひろ,,false,当,100.000,false,true,64
r06-10-27,北陸信越,立憲民主党,1,米山隆一,,false,当,100.000,false,true,64
r06-10-27,北陸信越,立憲民主党,1,うめたに守,,false,当,100.000,false,true,64
r06-10-27,北陸信越,立憲民主党,1,こんどう和也,,false,当,100.000,false,true,64
r06-10-27,北陸信越,立憲民主党,1,つじ英之,,false,当,100.000,false,true,64
r06-10-27,北陸信越,立憲民主党,1,しのはら孝,,false,当,100.000,false,true,64
r06-10-27,北陸信越,立憲民主党,1,下条みつ,,false,当,100.000,false,true,64
r06-10-27,北陸信越,立憲民主党,1,神津たけし,,false,当,100.000,false,true,64
r06-10-27,北陸信越,立憲民主党,1,山としひろ,1,true,落,98.392,false,true,64
r06-10-27,北陸信越,立憲民主党,1,福田じゅんた,2,true,落,87.856,false,true,64
r06-10-27,北陸信越,立憲民主党,1,はたのつばさ,3,true,落,80.924,false,true,64
r06-10-27,北陸信越,立憲民主党,1,あらい淳志,,false,落,79.243,false,true,64
r06-10-27,北陸信越,立憲民主党,1,おやまだ経子,,false,落,62.204,false,true,64
r06-10-27,北陸信越,立憲民主党,1,こしかわ康晴,,false,落,56.118,false,true,64
r06-10-27,北陸信越,立憲民主党,17,武居ひろあき,,false,,,false,false,64
r06-10-27,北陸信越,自由民主党,1,国定勇人,1,true,,,false,false,65
r06-10-27,北陸信越,自由民主党,2,上田英俊,,false,当,100.000,false,true,65
r06-10-27,北陸信越,自由民主党,2,たちばな慶一郎,,false,当,100.000,false,true,65
r06-10-27,北陸信越,自由民主党,2,後藤しげゆき,,false,当,100.000,false,true,65
r06-10-27,北陸信越,自由民主党,2,さいとう洋明,2,true,落,90.224,false,true,65
r06-10-27,北陸信越,自由民主党,2,井出ようせい,3,true,落,81.772,false,true,65
r06-10-27,北陸信越,自由民主党,2,にしだ昭二,4,true,落,79.367,false,true,65
r06-10-27,北陸信越,自由民主党,2,わしお英一郎,,false,落,76.438,false,true,65
r06-10-27,北陸信越,自由民主党,2,つかだ一郎,,false,落,61.339,false,true,65
r06-10-27,北陸信越,自由民主党,2,むたい俊介,,false,落,54.999,false,true,65
r06-10-27,北陸信越,自由民主党,11,西崎萌,,false,,,false,false,65
r06-10-27,北陸信越,自由民主党,12,古井康介,,false,,,false,false,65
r06-10-27,北陸信越,自由民主党,13,下神納木加枝,,false,,,false,false,65
r06-10-27,北陸信越,自由民主党,14,遠藤奈央子,,false,,,false,false,65
r06-10-27,北陸信越,自由民主党,15,松﨑晃治,,false,,,false,false,65
r06-10-27,北陸信越,自由民主党,16,佐藤俊,,false,,,false,false,65
r06-10-27,北陸信越,自由民主党,17,今洋佑,,false,,,false,false,65
r06-10-27,北陸信越,自由民主党,18,滝沢圭隆,,false,,,false,false,65
r06-10-27,北陸信越,自由民主党,19,工藤昌克,,false,,,false,false,65
r06-10-27,東海,日本維新の会,1,杉本和巳,1,true,落,88.718,false,true,66
r06-10-27,東海,国民民主党,1,田中けん,,false,当,100.000,false,true,66
r06-10-27,東海,公明党,1,中川康洋,1,true,,,false,false,66
r06-10-27,東海,日本保守党,1,竹上ゆうこ,1,true,,,false,false,66
r06-10-27,東海,日本維新の会,1,せき健一郎,,false,落,63.292,false,true,66
r06-10-27,東海,国民民主党,1,丹野みどり,,false,当,100.000,false,true,66
r06-10-27,東海,公明党,2,西園勝秀,2,true,,,false,false,66
r06-10-27,東海,日本保守党,2,中川健一,,false,,,false,false,66
r06-10-27,東海,日本維新の会,1,岬まき,,false,落,61.235,false,true,66
r06-10-27,東海,国民民主党,1,日野さりあ,,false,当,100.000,false,true,66
r06-10-27,東海,公明党,3,小林宣子,,false,,,false,false,66
r06-10-27,東海,日本保守党,3,織田敏之,,false,,,false,false,66
r06-10-27,東海,日本維新の会,1,中田ちよ,,false,落,35.592,false,true,66
r06-10-27,東海,国民民主党,1,福田とおる,,false,当,100.000,false,true,66
r06-10-27,東海,公明党,4,丹後政明,,false,,,false,false,66
r06-10-27,東海,日本保守党,4,中村憲一,,false,,,false,false,66
r06-10-27,東海,日本維新の会,1,山田良司,,false,落,27.108,false,true,66
r06-10-27,東海,国民民主党,1,古川元久,,false,当,100.000,false,true,66
r06-10-27,東海,日本保守党,5,青木崇佳,,false,,,false,false,66
r06-10-27,東海,日本維新の会,1,森口あゆみ,,false,落,26.288,false,true,66
r06-10-27,東海,国民民主党,1,せんだあきひろ,1,true,落,65.100,false,true,66
r06-10-27,東海,日本維新の会,1,皆川まさかず,,false,落,26.236,false,true,66
r06-10-27,東海,日本維新の会,1,伊藤まさし,,false,落,23.194,false,true,66
r06-10-27,東海,日本維新の会,1,中川ひろと,,false,落,22.442,false,true,66
r06-10-27,東海,日本維新の会,1,山下こうき,,false,落,19.460,false,true,66
r06-10-27,東海,日本維新の会,1,かました由佳子,,false,落,,true,true,66
r06-10-27,東海,日本維新の会,1,山本こういち,,false,落,,true,true,66
r06-10-27,東海,日本維新の会,1,むろぞの幸志,,false,落,,true,true,66
r06-10-27,東海,日本維新の会,1,寺島みずひと,,false,落,,true,true,66
r06-10-27,東海,日本共産党,1,もとむら伸子,1,true,,,false,false,67
r06-10-27,東海,立憲民主党,1,今井まさと,,false,当,100.000,false,true,67
r06-10-27,東海,自由民主党,1,野田聖子,,false,当,100.000,false,true,67
r06-10-27,東海,参政党,1,佐藤健太郎,,false,,,false,false,67
r06-10-27,東海,日本共産党,2,すやま初美,,false,,,false,false,67
r06-10-27,東海,立憲民主党,1,小山のぶひろ,,false,当,100.000,false,true,67
r06-10-27,東海,自由民主党,1,たはなし泰文,,false,当,100.000,false,true,67
r06-10-27,東海,日本共産党,3,山口ゆうき,,false,,,false,false,67
r06-10-27,東海,立憲民主党,1,わたなべ周,,false,当,100.000,false,true,67
r06-10-27,東海,自由民主党,1,武藤ようじ,,false,当,100.000,false,true,67
r06-10-27,東海,立憲民主党,1,げんまけんたろう,,false,当,100.000,false,true,67
r06-10-27,東海,自由民主党,1,古屋圭司,,false,当,100.000,false,true,67
r06-10-27,東海,立憲民主党,1,近藤昭一,,false,当,100.000,false,true,67
r06-10-27,東海,自由民主党,1,かみかわ陽子,,false,当,100.000,false,true,67
r06-10-27,東海,立憲民主党,1,牧義夫,,false,当,100.000,false,true,67
r06-10-27,東海,自由民主党,1,井林たつのり,,false,当,100.000,false,true,67
r06-10-27,東海,立憲民主党,1,西川あつし,,false,当,100.000,false,true,67
r06-10-27,東海,自由民主党,1,細野豪志,,false,当,100.000,false,true,67
r06-10-27,東海,立憲民主党,1,ばんの豊,,false,当,100.000,false,true,67
r06-10-27,東海,自由民主党,1,城内みのる,,false,当,100.000,false,true,67
r06-10-27,東海,立憲民主党,1,岡本みつのり,,false,当,100.000,false,true,67
r06-10-27,東海,自由民主党,1,丹羽ひでき,,false,当,100.000,false,true,67
r06-10-27,東海,立憲民主党,1,藤原のりまさ,,false,当,100.000,false,true,67
r06-10-27,東海,自由民主党,1,今枝宗一郎,,false,当,100.000,false,true,67
r06-10-27,東海,立憲民主党,1,しげとく和彦,,false,当,100.000,false,true,67
r06-10-27,東海,自由民主党,1,田村のりひさ,,false,当,100.000,false,true,67
r06-10-27,東海,立憲民主党,1,おおにし健介,,false,当,100.000,false,true,67
r06-10-27,東海,自由民主党,1,若山しんじ,1,true,落,99.728,false,true,67
r06-10-27,東海,立憲民主党,1,しもの幸助,,false,当,100.000,false,true,67
r06-10-27,東海,自由民主党,1,ふかざわ陽一,2,true,落,96.789,false,true,67
r06-10-27,東海,立憲民主党,1,松田イサオ,1,true,落,93.733,false,true,67
r06-10-27,東海,自由民主党,1,かつまた孝明,3,true,落,96.033,false,true,67
r06-10-27,東海,立憲民主党,1,まのさとし,2,true,落,80.040,false,true,67
r06-10-27,東海,自由民主党,1,川崎ひでと,4,true,落,94.427,false,true,67
r06-10-27,東海,立憲民主党,1,おおたけりえ,3,true,落,71.692,false,true,67
r06-10-27,東海,自由民主党,1,長坂やすまさ,5,true,落,86.367,false,true,67
r06-10-27,東海,立憲民主党,1,鈴木たけゆき,4,true,落,61.833,false,true,67
r06-10-27,東海,自由民主党,1,工藤彰三,6,true,落,85.419,false,true,67
r06-10-27,東海,立憲民主党,1,小山ちほ,5,true,落,60.323,false,true,67
r06-10-27,東海,自由民主党,1,いとう忠彦,7,true,落,83.138,false,true,67
r06-10-27,東海,立憲民主党,1,ふくもり和歌子,6,true,落,59.086,false,true,67
r06-10-27,東海,自由民主党,1,金子しゅんぺい,,false,落,74.653,false,true,67
r06-10-27,東海,立憲民主党,1,青沼陽一郎,,false,落,55.227,false,true,67
r06-10-27,東海,自由民主党,1,山本ゆうぞう,,false,落,66.903,false,true,67
r06-10-27,東海,立憲民主党,1,吉田つねひこ,,false,落,50.520,false,true,67
r06-10-27,東海,自由民主党,1,石井たく,,false,落,65.399,false,true,67
r06-10-27,東海,立憲民主党,1,日吉雄太,,false,落,47.570,false,true,67
r06-10-27,東海,自由民主党,1,いなばだいすけ,,false,落,57.602,false,true,67
r06-10-27,東海,立憲民主党,1,とやまかずゆき,,false,落,47.235,false,true,67
r06-10-27,東海,自由民主党,1,水野よしひこ,,false,落,52.303,false,true,67
r06-10-27,東海,立憲民主党,1,高橋みほ,,false,落,41.455,false,true,67
r06-10-27,東海,自由民主党,1,くまだ裕通,,false,落,45.371,false,true,67
r06-10-27,東海,立憲民主党,25,堀誠,,false,,,false,false,67
r06-10-27,東海,自由民主党,1,中川たかもと,,false,落,41.231,false,true,67
r06-10-27,東海,立憲民主党,26,瀧本剛,,false,,,false,false,67
r06-10-27,東海,自由民主党,1,石原まさたか,,false,落,41.050,false,true,67
r06-10-27,東海,立憲民主党,27,太田真平,,false,,,false,false,67
r06-10-27,東海,自由民主党,27,山本左近,,false,,,false,false,67
r06-10-27,東海,自由民主党,28,井澤京子,,false,,,false,false,67
r06-10-27,東海,自由民主党,29,三澤宏明,,false,,,false,false,67
r06-10-27,東海,自由民主党,30,伊藤智史,,false,,,false,false,67
r06-10-27,東海,自由民主党,31,松本忠真,,false,,,false,false,67
r06-10-27,東海,自由民主党,32,設楽真理子,,false,,,false,false,67
r06-10-27,東海,自由民主党,33,杉山康弘,,false,,,false,false,67
r06-10-27,東海,自由民主党,34,世古万美子,,false,,,false,false,67
r06-10-27,東海,自由民主党,35,岩佐里沙,,false,,,false,false,67
r06-10-27,東海,社会民主党,1,大西雅人,,false,落,29.162,false,true,68
r06-10-27,東海,れいわ新選組,1,さかぐち直人,1,true,落,48.797,false,true,68
r06-10-27,東海,れいわ新選組,1,つじ恵,,false,落,,true,true,68
r06-10-27,東海,れいわ新選組,1,冨谷こうすけ,,false,落,,true,true,68
r06-10-27,東海,れいわ新選組,4,上村英明,2,true,,,false,false,68
r06-10-27,東海,れいわ新選組,5,梅村忠司,,false,,,false,false,68
r06-10-27,近畿,自由民主党,1,小寺ひろお,1,true,,,false,false,69
r06-10-27,近畿,日本維新の会,1,斎藤アレックス,,false,当,100.000,false,true,69
r06-10-27,近畿,国民民主党,1,向山好一,1,true,落,74.397,false,true,69
r06-10-27,近畿,参政党,1,北野ゆうこ,1,true,落,28.018,false,true,69
r06-10-27,近畿,自由民主党,2,石田真敏,2,true,,,false,false,69
r06-10-27,近畿,日本維新の会,1,まえはら誠司,,false,当,100.000,false,true,69
r06-10-27,近畿,国民民主党,1,平岩まさき,2,true,落,47.988,false,true,69
r06-10-27,近畿,参政党,1,あだちゆうじ,,false,落,,true,true,69
r06-10-27,近畿,自由民主党,3,うえの賢一郎,,false,当,100.000,false,true,69
r06-10-27,近畿,日本維新の会,1,はぎ原けい,,false,当,100.000,false,true,69
r06-10-27,近畿,参政党,1,あんどう裕,,false,落,,true,true,69
r06-10-27,近畿,自由民主党,3,武村のぶひで,,false,当,100.000,false,true,69
r06-10-27,近畿,日本維新の会,1,林ゆみ,1,true,落,99.825,false,true,69
r06-10-27,近畿,参政党,4,和泉修,,false,,,false,false,69
r06-10-27,近畿,自由民主党,3,勝目やすし,,false,当,100.000,false,true,69
r06-10-27,近畿,日本維新の会,1,三木けえ,2,true,落,89.948,false,true,69
r06-10-27,近畿,参政党,5,谷浩一郎,,false,落,,true,true,69
r06-10-27,近畿,自由民主党,3,本田太郎,,false,当,100.000,false,true,69
r06-10-27,近畿,日本維新の会,1,徳安淳子,3,true,落,83.793,false,true,69
r06-10-27,近畿,自由民主党,3,ふじいひさゆき,,false,当,100.000,false,true,69
r06-10-27,近畿,日本維新の会,1,池畑こうたろう,4,true,落,78.016,false,true,69
r06-10-27,近畿,自由民主党,3,谷公一,,false,当,100.000,false,true,69
r06-10-27,近畿,日本維新の会,1,いちむら浩一郎,5,true,落,75.468,false,true,69
r06-10-27,近畿,自由民主党,3,やまだ賢司,,false,当,100.000,false,true,69
r06-10-27,近畿,日本維新の会,1,和田有一朗,6,true,落,69.722,false,true,69
r06-10-27,近畿,自由民主党,3,松本たけあき,,false,当,100.000,false,true,69
r06-10-27,近畿,日本維新の会,1,阿部けいし,7,true,落,68.966,false,true,69
r06-10-27,近畿,自由民主党,3,山口つよし,,false,当,100.000,false,true,69
r06-10-27,近畿,日本維新の会,1,でじしんご,,false,落,67.409,false,true,69
r06-10-27,近畿,自由民主党,3,高市早苗,,false,当,100.000,false,true,69
r06-10-27,近畿,日本維新の会,1,住吉ひろき,,false,落,66.417,false,true,69
r06-10-27,近畿,自由民主党,3,たのせ太道,,false,当,100.000,false,true,69
r06-10-27,近畿,日本維新の会,1,とくなが久志,,false,落,63.057,false,true,69
r06-10-27,近畿,自由民主党,3,山本だいち,,false,当,100.000,false,true,69
r06-10-27,近畿,日本維新の会,1,堀場さち子,,false,落,60.066,false,true,69
r06-10-27,近畿,自由民主党,3,大岡としたか,3,true,落,94.478,false,true,69
r06-10-27,近畿,日本維新の会,1,遠藤良太,,false,落,55.652,false,true,69
r06-10-27,近畿,自由民主党,3,大串まさき,4,true,落,88.186,false,true,69
r06-10-27,近畿,日本維新の会,1,高野あつし,,false,落,48.049,false,true,69
r06-10-27,近畿,自由民主党,3,小林しげき,5,true,落,81.057,false,true,69
r06-10-27,近畿,日本維新の会,1,原山だいすけ,,false,落,45.353,false,true,69
r06-10-27,近畿,自由民主党,3,島田ともあき,6,true,落,80.365,false,true,69
r06-10-27,近畿,日本維新の会,1,ほりいけんじ,,false,落,43.464,false,true,69
r06-10-27,近畿,自由民主党,3,こうらい啓一郎,,false,落,78.792,false,true,69
r06-10-27,近畿,日本維新の会,1,赤木正幸,,false,落,42.152,false,true,69
r06-10-27,近畿,自由民主党,3,塩川憲史,,false,落,75.018,false,true,69
r06-10-27,近畿,日本維新の会,1,なかじま秀樹,,false,落,39.562,false,true,69
r06-10-27,近畿,自由民主党,3,東田じゅんぺい,,false,落,73.952,false,true,69
r06-10-27,近畿,日本維新の会,1,一谷勇一郎,,false,落,36.417,false,true,69
r06-10-27,近畿,自由民主党,3,にかい伸康,,false,落,69.898,false,true,69
r06-10-27,近畿,日本維新の会,1,道本たかや,,false,落,35.483,false,true,69
r06-10-27,近畿,自由民主党,3,とかしきなおみ,,false,落,69.662,false,true,69
r06-10-27,近畿,日本維新の会,1,木村元紀,,false,落,30.122,false,true,69
r06-10-27,近畿,自由民主党,3,そのさき弘道,,false,落,66.793,false,true,69
r06-10-27,近畿,日本維新の会,1,加古きいちろ,,false,落,28.773,false,true,69
r06-10-27,近畿,自由民主党,3,北川晋平,,false,落,64.433,false,true,69
r06-10-27,近畿,日本維新の会,1,服部ちか,,false,落,26.723,false,true,69
r06-10-27,近畿,自由民主党,3,田中ひでゆき,,false,落,58.686,false,true,69
r06-10-27,近畿,自由民主党,3,岡下しょうへい,,false,落,55.821,false,true,69
r06-10-27,近畿,自由民主党,3,大西ひろゆき,,false,落,55.181,false,true,69
r06-10-27,近畿,自由民主党,3,大さや,,false,落,51.604,false,true,69
r06-10-27,近畿,自由民主党,3,もりやま正仁,,false,落,50.096,false,true,69
r06-10-27,近畿,自由民主党,3,さの英志,,false,落,48.649,false,true,69
r06-10-27,近畿,自由民主党,3,森カンセイ,,false,落,46.644,false,true,69
r06-10-27,近畿,自由民主党,3,内田たかつぐ,,false,落,46.378,false,true,69
r06-10-27,近畿,自由民主党,34,笠原真吾,,false,,,false,false,69
r06-10-27,近畿,自由民主党,35,樋口清士,,false,,,false,false,69
r06-10-27,近畿,自由民主党,36,原岡惠利子,,false,,,false,false,69
r06-10-27,近畿,自由民主党,37,田起代子,,false,,,false,false,69
r06-10-27,近畿,自由民主党,38,土井正親,,false,,,false,false,69
r06-10-27,近畿,れいわ新選組,1,大石あきこ,1,true,落,30.756,false,true,70
r06-10-27,近畿,社会民主党,1,ながさき由美子,,false,落,32.850,false,true,70
r06-10-27,近畿,公明党,1,竹内讓,1,true,,,false,false,70
r06-10-27,近畿,立憲民主党,1,泉ケンタ,,false,当,100.000,false,true,70
r06-10-27,近畿,れいわ新選組,1,やはた愛,2,true,落,28.138,false,true,70
r06-10-27,近畿,公明党,2,浮島智子,2,true,,,false,false,70
r06-10-27,近畿,立憲民主党,1,やまのい和則,,false,当,100.000,false,true,70
r06-10-27,近畿,れいわ新選組,1,安持なるみ,,false,落,,true,true,70
r06-10-27,近畿,公明党,3,鰐淵洋子,3,true,,,false,false,70
r06-10-27,近畿,立憲民主党,1,いさか信彦,,false,当,100.000,false,true,70
r06-10-27,近畿,れいわ新選組,4,岡田哲扶,,false,,,false,false,70
r06-10-27,近畿,公明党,4,大山一平,,false,,,false,false,70
r06-10-27,近畿,立憲民主党,1,桜井シュウ,,false,当,100.000,false,true,70
r06-10-27,近畿,れいわ新選組,5,堤昌也,,false,,,false,false,70
r06-10-27,近畿,公明党,5,藤田将一,,false,,,false,false,70
r06-10-27,近畿,立憲民主党,1,まぶちすみお,,false,当,100.000,false,true,70
r06-10-27,近畿,立憲民主党,1,森山ひろゆき,1,true,落,80.493,false,true,70
r06-10-27,近畿,立憲民主党,1,橋本けいご,2,true,落,79.771,false,true,70
r06-10-27,近畿,立憲民主党,1,岡田さとる,3,true,落,75.847,false,true,70
r06-10-27,近畿,立憲民主党,1,尾かな子,4,true,落,74.064,false,true,70
r06-10-27,近畿,立憲民主党,1,平尾みちお,,false,落,65.753,false,true,70
r06-10-27,近畿,立憲民主党,1,今泉まお,,false,落,64.539,false,true,70
r06-10-27,近畿,立憲民主党,1,たむらなおや,,false,落,61.732,false,true,70
r06-10-27,近畿,立憲民主党,1,おき圭子,,false,落,58.629,false,true,70
r06-10-27,近畿,立憲民主党,1,ひらたけ耕三,,false,落,57.459,false,true,70
r06-10-27,近畿,立憲民主党,1,ふなかわ治郎,,false,落,56.821,false,true,70
r06-10-27,近畿,立憲民主党,1,山本わかこ,,false,落,56.313,false,true,70
r06-10-27,近畿,立憲民主党,1,まつうらたけし,,false,落,37.208,false,true,70
r06-10-27,近畿,立憲民主党,1,かわとやすし,,false,落,35.831,false,true,70
r06-10-27,近畿,立憲民主党,1,村上のりあつ,,false,落,35.370,false,true,70
r06-10-27,近畿,立憲民主党,1,しんこ祐子,,false,落,32.580,false,true,70
r06-10-27,近畿,立憲民主党,1,はぎはら仁,,false,落,30.689,false,true,70
r06-10-27,近畿,立憲民主党,1,おざき充典,,false,落,28.292,false,true,70
r06-10-27,近畿,立憲民主党,1,福留ヨーコ,,false,落,25.514,false,true,70
r06-10-27,近畿,立憲民主党,24,西川ひろき,,false,,,false,false,70
r06-10-27,近畿,立憲民主党,25,石田京子,,false,,,false,false,70
r06-10-27,近畿,立憲民主党,26,永江一之,,false,,,false,false,70
r06-10-27,近畿,立憲民主党,27,横田昌三,,false,,,false,false,70
r06-10-27,近畿,日本保守党,1,島田洋一,1,true,,,false,false,71
r06-10-27,近畿,日本共産党,1,たつみコータロー,1,true,,,false,false,71
r06-10-27,近畿,日本保守党,2,佐々木みのり,,false,,,false,false,71
r06-10-27,近畿,日本共産党,2,堀川あきこ,2,true,落,50.387,false,true,71
r06-10-27,近畿,日本保守党,3,百田尚樹,,false,,,false,false,71
r06-10-27,近畿,日本共産党,3,清水ただし,,false,落,35.679,false,true,71
r06-10-27,近畿,日本保守党,4,豆谷和男,,false,,,false,false,71
r06-10-27,近畿,日本共産党,4,こむら潤,,false,落,37.435,false,true,71
r06-10-27,近畿,日本保守党,5,竹内唯裕,,false,,,false,false,71
r06-10-27,近畿,日本共産党,5,冨士谷かえ子,,false,,,false,false,71
r06-10-27,近畿,日本保守党,6,長谷川俊明,,false,,,false,false,71
r06-10-27,中国,日本共産党,1,大平よしのぶ,,false,,,false,false,72
r06-10-27,中国,国民民主党,1,福田玄,1,true,落,74.814,false,true,72
r06-10-27,中国,立憲民主党,1,亀井亜紀子,,false,当,100.000,false,true,72
r06-10-27,中国,社会民主党,1,宮本てるお,,false,,,false,false,72
r06-10-27,中国,日本共産党,2,垣内京美,,false,,,false,false,72
r06-10-27,中国,国民民主党,1,佐々木ゆうじ,,false,落,32.715,false,true,72
r06-10-27,中国,立憲民主党,1,柚木みちよし,,false,当,100.000,false,true,72
r06-10-27,中国,国民民主党,1,のだきよし,,false,落,31.823,false,true,72
r06-10-27,中国,立憲民主党,1,佐藤こうじ,,false,当,100.000,false,true,72
r06-10-27,中国,立憲民主党,1,平岡秀夫,1,true,落,98.356,false,true,72
r06-10-27,中国,立憲民主党,1,つむらけいすけ,2,true,落,96.285,false,true,72
r06-10-27,中国,立憲民主党,1,あずまかつや,3,true,落,83.033,false,true,72
r06-10-27,中国,立憲民主党,1,原田ケンスケ,,false,落,76.111,false,true,72
r06-10-27,中国,立憲民主党,1,井上しんや,,false,落,53.935,false,true,72
r06-10-27,中国,立憲民主党,1,湯原俊二,,false,落,53.597,false,true,72
r06-10-27,中国,立憲民主党,1,大塚さとこ,,false,落,49.386,false,true,72
r06-10-27,中国,立憲民主党,1,平本浩一,,false,落,46.151,false,true,72
r06-10-27,中国,立憲民主党,1,はたともこ,,false,落,44.817,false,true,72
r06-10-27,中国,立憲民主党,1,坂本ふみこ,,false,落,40.380,false,true,72
r06-10-27,中国,立憲民主党,1,あさくら浩之,,false,落,,true,true,72
r06-10-27,中国,立憲民主党,15,山本誉,,false,,,false,false,72
r06-10-27,中国,立憲民主党,16,加藤壽彦,,false,,,false,false,72
r06-10-27,中国,参政党,1,やまさき珠江,,false,,,false,false,73
r06-10-27,中国,日本維新の会,1,空本せいき,,false,当,100.000,false,true,73
r06-10-27,中国,れいわ新選組,1,細井俊希,,false,,,false,false,73
r06-10-27,中国,公明党,1,平林晃,1,true,,,false,false,73
r06-10-27,中国,日本維新の会,1,伊藤博文,,false,落,27.884,false,true,73
r06-10-27,中国,公明党,2,日下正喜,,false,,,false,false,73
r06-10-27,中国,日本維新の会,1,山田はじめ,,false,落,26.651,false,true,73
r06-10-27,中国,公明党,3,芳田幸代,,false,,,false,false,73
r06-10-27,中国,日本維新の会,1,かねしろ政孝,,false,落,26.498,false,true,73
r06-10-27,中国,日本維新の会,1,はっとり千秋,,false,落,,true,true,73
r06-10-27,中国,自由民主党,1,新谷正義,1,true,,,false,false,74
r06-10-27,中国,自由民主党,2,平沼正二郎,2,true,,,false,false,74
r06-10-27,中国,自由民主党,3,石橋林太郎,3,true,,,false,false,74
r06-10-27,中国,自由民主党,4,吉田真次,4,true,,,false,false,74
r06-10-27,中国,自由民主党,5,赤澤りょうせい,,false,当,100.000,false,true,74
r06-10-27,中国,自由民主党,5,高見やすひろ,,false,当,100.000,false,true,74
r06-10-27,中国,自由民主党,5,あいさわ一郎,,false,当,100.000,false,true,74
r06-10-27,中国,自由民主党,5,山下たかし,,false,当,100.000,false,true,74
r06-10-27,中国,自由民主党,5,加藤勝信,,false,当,100.000,false,true,74
r06-10-27,中国,自由民主党,5,小林史明,,false,当,100.000,false,true,74
r06-10-27,中国,自由民主党,5,高村正大,,false,当,100.000,false,true,74
r06-10-27,中国,自由民主党,5,岸のぶちよ,,false,当,100.000,false,true,74
r06-10-27,中国,自由民主党,5,林よしまさ,,false,当,100.000,false,true,74
r06-10-27,中国,自由民主党,5,てらだ稔,5,true,落,97.808,false,true,74
r06-10-27,中国,自由民主党,5,たかがい恵美子,,false,落,86.056,false,true,74
r06-10-27,中国,自由民主党,5,橋本がく,,false,落,84.577,false,true,74
r06-10-27,中国,自由民主党,17,虎井さえこ,,false,,,false,false,74
r06-10-27,中国,自由民主党,18,大沼みずほ,,false,,,false,false,74
r06-10-27,中国,自由民主党,19,鶴田亮介,,false,,,false,false,74
r06-10-27,四国,日本共産党,1,白川よう子,,false,,,false,false,75
r06-10-27,四国,日本維新の会,1,細川修平,,false,落,25.424,false,true,75
r06-10-27,四国,立憲民主党,1,小川じゅんや,,false,当,100.000,false,true,75
r06-10-27,四国,社会民主党,1,篠原清,,false,,,false,false,75
r06-10-27,四国,日本共産党,2,浜川ゆりこ,,false,落,42.335,false,true,75
r06-10-27,四国,日本維新の会,1,吉田とも代,,false,落,23.739,false,true,75
r06-10-27,四国,立憲民主党,1,白石洋一,,false,当,100.000,false,true,75
r06-10-27,四国,日本維新の会,1,祝聡,,false,落,,true,true,75
r06-10-27,四国,立憲民主党,1,高橋えい,1,true,落,64.224,false,true,75
r06-10-27,四国,日本維新の会,1,かじのこうすけ,,false,落,,true,true,75
r06-10-27,四国,立憲民主党,1,武内のりお,,false,落,62.563,false,true,75
r06-10-27,四国,日本維新の会,1,町川ジュンコ,,false,落,,true,true,75
r06-10-27,四国,立憲民主党,1,越智きよすみ,,false,落,49.423,false,true,75
r06-10-27,四国,立憲民主党,1,大岡ひろみ,,false,落,47.805,false,true,75
r06-10-27,四国,立憲民主党,1,こうそがべよしみち,,false,落,30.133,false,true,75
r06-10-27,四国,立憲民主党,8,渡部昭,,false,,,false,false,75
r06-10-27,四国,公明党,1,山崎正恭,1,true,,,false,false,76
r06-10-27,四国,自由民主党,1,村上誠一郎,1,true,,,false,false,76
r06-10-27,四国,国民民主党,1,たまき雄一郎,,false,当,100.000,false,true,76
r06-10-27,四国,れいわ新選組,1,ライト光,,false,,,false,false,76
r06-10-27,四国,公明党,2,久栄正志,,false,,,false,false,76
r06-10-27,四国,自由民主党,2,仁木博文,,false,当,100.000,false,true,76
r06-10-27,四国,国民民主党,1,いしいともえ,1,true,落,45.871,false,true,76
r06-10-27,四国,自由民主党,2,大野敬太郎,,false,当,100.000,false,true,76
r06-10-27,四国,自由民主党,2,塩崎あきひさ,,false,当,100.000,false,true,76
r06-10-27,四国,自由民主党,2,長谷川じゅんじ,,false,当,100.000,false,true,76
r06-10-27,四国,自由民主党,2,中谷元,,false,当,100.000,false,true,76
r06-10-27,四国,自由民主党,2,おざき正直,,false,当,100.000,false,true,76
r06-10-27,四国,自由民主党,2,平井卓也,2,true,落,62.662,false,true,76
r06-10-27,四国,自由民主党,2,せと隆一,3,true,落,43.388,false,true,76
r06-10-27,四国,自由民主党,10,山本有二,,false,,,false,false,76
r06-10-27,四国,自由民主党,11,西内健,,false,,,false,false,76
r06-10-27,四国,自由民主党,12,増富義明,,false,,,false,false,76
r06-10-27,四国,自由民主党,13,大石美智子,,false,,,false,false,76
r06-10-27,四国,自由民主党,14,古川康造,,false,,,false,false,76
r06-10-27,四国,参政党,1,小林なおみ,,false,落,,true,true,77
r06-10-27,九州,日本共産党,1,あかみね政賢,,false,当,100.000,false,true,78
r06-10-27,九州,れいわ新選組,1,山川ひとし,1,true,落,33.095,false,true,78
r06-10-27,九州,立憲民主党,1,いなとみ修二,,false,当,100.000,false,true,78
r06-10-27,九州,国民民主党,1,西岡秀子,,false,当,100.000,false,true,78
r06-10-27,九州,日本共産党,2,田村貴昭,1,true,,,false,false,78
r06-10-27,九州,れいわ新選組,1,奥田ふみよ,,false,落,,true,true,78
r06-10-27,九州,立憲民主党,1,きいたかし,,false,当,100.000,false,true,78
r06-10-27,九州,国民民主党,1,長友しんじ,1,true,落,82.836,false,true,78
r06-10-27,九州,日本共産党,3,まつざき真琴,,false,落,,true,true,78
r06-10-27,九州,れいわ新選組,3,度模彌,,false,,,false,false,78
r06-10-27,九州,立憲民主党,1,原口一博,,false,当,100.000,false,true,78
r06-10-27,九州,国民民主党,1,このみ亮太郎,2,true,落,59.419,false,true,78
r06-10-27,九州,日本共産党,4,島袋恵祐,,false,,,false,false,78
r06-10-27,九州,れいわ新選組,4,民田森夫,,false,,,false,false,78
r06-10-27,九州,立憲民主党,1,大串ひろし,,false,当,100.000,false,true,78
r06-10-27,九州,国民民主党,1,近藤まさひこ,,false,落,53.286,false,true,78
r06-10-27,九州,立憲民主党,1,渡辺創,,false,当,100.000,false,true,78
r06-10-27,九州,立憲民主党,1,川内ひろし,,false,当,100.000,false,true,78
r06-10-27,九州,立憲民主党,1,野間たけし,,false,当,100.000,false,true,78
r06-10-27,九州,立憲民主党,1,ヤラともひろ,1,true,落,97.584,false,true,78
r06-10-27,九州,立憲民主党,1,吉川はじめ,2,true,落,91.283,false,true,78
r06-10-27,九州,立憲民主党,1,山田勝彦,3,true,落,85.132,false,true,78
r06-10-27,九州,立憲民主党,1,堤かなめ,4,true,落,79.183,false,true,78
r06-10-27,九州,立憲民主党,1,丸尾けいすけ,,false,落,78.603,false,true,78
r06-10-27,九州,立憲民主党,1,金城トオル,,false,落,77.090,false,true,78
r06-10-27,九州,立憲民主党,1,すえつぐ精一,,false,落,75.326,false,true,78
r06-10-27,九州,立憲民主党,1,にえだ元気,,false,落,69.246,false,true,78
r06-10-27,九州,立憲民主党,1,小林かやこ,,false,落,68.964,false,true,78
r06-10-27,九州,立憲民主党,1,かめだ晃尚,,false,落,60.033,false,true,78
r06-10-27,九州,立憲民主党,1,出口しんたろう,,false,落,58.362,false,true,78
r06-10-27,九州,立憲民主党,1,笹本ゆきこ,,false,落,41.411,false,true,78
r06-10-27,九州,立憲民主党,20,清藤啓,,false,,,false,false,78
r06-10-27,九州,立憲民主党,21,福松節生,,false,,,false,false,78
r06-10-27,九州,日本維新の会,1,村上とものぶ,,false,当,100.000,false,true,79
r06-10-27,九州,社会民主党,1,新垣クニオ,,false,当,100.000,false,true,79
r06-10-27,九州,自由民主党,1,あべ俊子,1,true,,,false,false,79
r06-10-27,九州,公明党,1,濵地雅一,1,true,,,false,false,79
r06-10-27,九州,日本維新の会,1,あべひろき,1,true,落,50.407,false,true,79
r06-10-27,九州,社会民主党,1,山内みつのり,,false,落,38.940,false,true,79
r06-10-27,九州,自由民主党,2,井上たかひろ,,false,当,100.000,false,true,79
r06-10-27,九州,公明党,2,吉田宣弘,2,true,,,false,false,79
r06-10-27,九州,日本維新の会,1,山本ごうせい,,false,落,48.781,false,true,79
r06-10-27,九州,社会民主党,1,橋村りか,,false,落,34.473,false,true,79
r06-10-27,九州,自由民主党,2,古賀あつし,,false,当,100.000,false,true,79
r06-10-27,九州,公明党,3,金城泰邦,3,true,,,false,false,79
r06-10-27,九州,日本維新の会,1,赤嶺ノボル,,false,落,37.504,false,true,79
r06-10-27,九州,社会民主党,1,そうあきこ,,false,落,,true,true,79
r06-10-27,九州,自由民主党,2,くりはら渉,,false,当,100.000,false,true,79
r06-10-27,九州,公明党,4,吉田久美子,,false,,,false,false,79
r06-10-27,九州,日本維新の会,1,外山いつき,,false,落,31.211,false,true,79
r06-10-27,九州,社会民主党,1,しき玲子,,false,落,25.996,false,true,79
r06-10-27,九州,自由民主党,2,はとやま二郎,,false,当,100.000,false,true,79
r06-10-27,九州,公明党,5,小野光久,,false,,,false,false,79
r06-10-27,九州,日本維新の会,1,矢上雅義,,false,落,30.182,false,true,79
r06-10-27,九州,社会民主党,1,村田しゅんいち,,false,落,,true,true,79
r06-10-27,九州,自由民主党,2,藤丸さとし,,false,当,100.000,false,true,79
r06-10-27,九州,公明党,6,時任伸一,,false,,,false,false,79
r06-10-27,九州,日本維新の会,1,ふくなり健太,,false,落,25.827,false,true,79
r06-10-27,九州,自由民主党,2,金子容三,,false,当,100.000,false,true,79
r06-10-27,九州,日本維新の会,1,瀬尾ひでとし,,false,落,24.495,false,true,79
r06-10-27,九州,自由民主党,2,木原みのる,,false,当,100.000,false,true,79
r06-10-27,九州,日本維新の会,1,つじ健太郎,,false,落,24.439,false,true,79
r06-10-27,九州,自由民主党,2,西野だいすけ,,false,当,100.000,false,true,79
r06-10-27,九州,日本維新の会,1,松尾よしみつ,,false,落,,true,true,79
r06-10-27,九州,自由民主党,2,金子やすし,,false,当,100.000,false,true,79
r06-10-27,九州,日本維新の会,1,井上翔一朗,,false,落,21.133,false,true,79
r06-10-27,九州,自由民主党,2,岩屋たけし,,false,当,100.000,false,true,79
r06-10-27,九州,日本維新の会,1,山川やすひろ,,false,落,,true,true,79
r06-10-27,九州,自由民主党,2,江藤拓,,false,当,100.000,false,true,79
r06-10-27,九州,日本維新の会,1,本司ゆきひろ,,false,落,,true,true,79
r06-10-27,九州,自由民主党,2,ふるかわよしひさ,,false,当,100.000,false,true,79
r06-10-27,九州,日本維新の会,1,福本たかし,,false,落,,true,true,79
r06-10-27,九州,自由民主党,2,島尻あい子,,false,当,100.000,false,true,79
r06-10-27,九州,日本維新の会,1,横田ともひろ,,false,落,,true,true,79
r06-10-27,九州,自由民主党,2,ニシメ恒三郎,,false,当,100.000,false,true,79
r06-10-27,九州,日本維新の会,1,山田ひろし,,false,落,,true,true,79
r06-10-27,九州,自由民主党,2,みやじ拓馬,2,true,落,96.667,false,true,79
r06-10-27,九州,自由民主党,2,おにき誠,3,true,落,87.718,false,true,79
r06-10-27,九州,自由民主党,2,コクバ幸之助,4,true,落,84.481,false,true,79
r06-10-27,九州,自由民主党,2,岩田かずちか,5,true,落,82.973,false,true,79
r06-10-27,九州,自由民主党,2,古川やすし,6,true,落,80.093,false,true,79
r06-10-27,九州,自由民主党,2,ミヤザキ政久,7,true,落,77.221,false,true,79
r06-10-27,九州,自由民主党,2,吉村はるか,,false,落,75.586,false,true,79
r06-10-27,九州,自由民主党,2,えとう博昭,,false,落,72.809,false,true,79
r06-10-27,九州,自由民主党,2,小里やすひろ,,false,落,71.650,false,true,79
r06-10-27,九州,自由民主党,2,やすおか宏武,,false,落,68.220,false,true,79
r06-10-27,九州,自由民主党,2,たけい俊輔,,false,落,61.943,false,true,79
r06-10-27,九州,自由民主党,2,下条博文,,false,落,55.114,false,true,79
r06-10-27,九州,自由民主党,28,藥師寺道代,,false,,,false,false,79
r06-10-27,九州,自由民主党,29,かわの正美,,false,,,false,false,79
r06-10-27,九州,自由民主党,30,島田ちやこ,,false,,,false,false,79
r06-10-27,九州,参政党,1,吉川りな,1,true,,,false,false,80
r06-10-27,九州,参政党,2,野中しんすけ,,false,落,,true,true,80
r06-10-27,九州,参政党,2,黒石隆太,,false,落,,true,true,80
r06-10-27,九州,参政党,4,吉川こうじ,,false,,,false,false,80
