election_id,prefecture,party,votes_male,votes_female,votes_total,source_page
h26-12-14,北海道,自由民主党,951860,87118,1038978,26
h26-12-14,北海道,民主党,788229,134091,922320,26
h26-12-14,北海道,維新の党,82586,,82586,26
h26-12-14,北海道,公明党,86722,,86722,26
h26-12-14,青森県,自由民主党,285531,,285531,26
h26-12-14,青森県,民主党,38106,49142,87248,26
h26-12-14,青森県,維新の党,62254,28282,90536,26
h26-12-14,青森県,公明党,,,,26
h26-12-14,岩手県,自由民主党,177650,46409,224059,26
h26-12-14,岩手県,民主党,157126,,157126,26
h26-12-14,岩手県,維新の党,,,,26
h26-12-14,岩手県,公明党,,,,26
h26-12-14,宮城県,自由民主党,465169,,465169,26
h26-12-14,宮城県,民主党,113710,149152,262862,26
h26-12-14,宮城県,維新の党,60653,,60653,26
h26-12-14,宮城県,公明党,,,,26
h26-12-14,秋田県,自由民主党,242530,,242530,26
h26-12-14,秋田県,民主党,114483,,114483,26
h26-12-14,秋田県,維新の党,88483,,88483,26
h26-12-14,秋田県,公明党,,,,26
h26-12-14,山形県,自由民主党,196423,79872,276295,26
h26-12-14,山形県,民主党,152430,,152430,26
h26-12-14,山形県,維新の党,,,,26
h26-12-14,山形県,公明党,,,,26
h26-12-14,福島県,自由民主党,371352,,371352,26
h26-12-14,福島県,民主党,212861.569,97643,310504.569,26
h26-12-14,福島県,維新の党,56856,,56856,26
h26-12-14,福島県,公明党,,,,26
h26-12-14,茨城県,自由民主党,636777,65638,702415,26
h26-12-14,茨城県,民主党,264494,,264494,26
h26-12-14,茨城県,維新の党,55103,,55103,26
h26-12-14,茨城県,公明党,,,,26
h26-12-14,栃木県,自由民主党,450926,,450926,26
h26-12-14,栃木県,民主党,188022,,188022,26
h26-12-14,栃木県,維新の党,,,,26
h26-12-14,栃木県,公明党,,,,26
h26-12-14,群馬県,自由民主党,332447,114458,446905,26
h26-12-14,群馬県,民主党,99356,,99356,26
h26-12-14,群馬県,維新の党,53038,,53038,26
h26-12-14,群馬県,公明党,,,,26
h26-12-14,埼玉県,自由民主党,1221194,178897,1400091,26
h26-12-14,埼玉県,民主党,623287,73513,696800,26
h26-12-14,埼玉県,維新の党,198545,,198545,26
h26-12-14,埼玉県,公明党,,,,26
h26-12-14,千葉県,自由民主党,1265183,,1265183,26
h26-12-14,千葉県,民主党,510869,29656,540525,26
h26-12-14,千葉県,維新の党,105130,69667,174797,26
h26-12-14,千葉県,公明党,,,,26
h26-12-14,東京都,自由民主党,2273091.776,288171,2561262.776,26
h26-12-14,東京都,民主党,1004307,299932,1304239,26
h26-12-14,東京都,維新の党,395318,46156,441474,26
h26-12-14,東京都,公明党,88499,,88499,26
h26-12-14,神奈川県,自由民主党,1734141,118537,1852678,26
h26-12-14,神奈川県,民主党,541994,82612,624606,26
h26-12-14,神奈川県,維新の党,446623,,446623,26
h26-12-14,神奈川県,公明党,78746,,78746,26
h26-12-14,新潟県,自由民主党,402378,77137,479515,26
h26-12-14,新潟県,民主党,215872,158646,374518,26
h26-12-14,新潟県,維新の党,,,,26
h26-12-14,新潟県,公明党,,,,26
h26-12-14,富山県,自由民主党,291974,,291974,26
h26-12-14,富山県,民主党,,,,26
h26-12-14,富山県,維新の党,39249,,39249,26
h26-12-14,富山県,公明党,,,,26
h26-12-14,石川県,自由民主党,258389,,258389,26
h26-12-14,石川県,民主党,64940,59590,124530,26
h26-12-14,石川県,維新の党,,,,26
h26-12-14,石川県,公明党,,,,26
h26-12-14,福井県,自由民主党,83086,116855,199941,26
h26-12-14,福井県,民主党,42032,,42032,26
h26-12-14,福井県,維新の党,47802,,47802,26
h26-12-14,福井県,公明党,,,,26
h26-12-14,山梨県,自由民主党,,169135,169135,26
h26-12-14,山梨県,民主党,102111,,102111,26
h26-12-14,山梨県,維新の党,,,,26
h26-12-14,山梨県,公明党,,,,26
h26-12-14,長野県,自由民主党,360430,,360430,26
h26-12-14,長野県,民主党,321699,,321699,26
h26-12-14,長野県,維新の党,118521,,118521,26
h26-12-14,長野県,公明党,,,,26
h26-12-14,岐阜県,自由民主党,410361,82434,492795,26
h26-12-14,岐阜県,民主党,130185,38402,168587,26
h26-12-14,岐阜県,維新の党,80042,,80042,26
h26-12-14,岐阜県,公明党,,,,26
h26-12-14,静岡県,自由民主党,745545,89544,835089,26
h26-12-14,静岡県,民主党,557714,,557714,26
h26-12-14,静岡県,維新の党,110784,,110784,26
h26-12-14,静岡県,公明党,,,,26
h26-12-14,愛知県,自由民主党,1357340,,1357340,26
h26-12-14,愛知県,民主党,975016,157146,1132162,26
h26-12-14,愛知県,維新の党,178909,,178909,26
h26-12-14,愛知県,公明党,,,,26
h26-12-14,三重県,自由民主党,385894,,385894,26
h26-12-14,三重県,民主党,271510,,271510,26
h26-12-14,三重県,維新の党,56504,,56504,26
h26-12-14,三重県,公明党,,,,26
h26-12-14,滋賀県,自由民主党,274918,,274918,26
h26-12-14,滋賀県,民主党,164540,46593,211133,26
h26-12-14,滋賀県,維新の党,40993,,40993,26
h26-12-14,滋賀県,公明党,,,,26
h26-12-14,京都府,自由民主党,417514,,417514,26
h26-12-14,京都府,民主党,281849,39178,321027,26
h26-12-14,京都府,維新の党,61193,26175,87368,26
h26-12-14,京都府,公明党,,,,26
h26-12-14,大阪府,自由民主党,968896.391,155040,1123936.391,26
h26-12-14,大阪府,民主党,175822,61725,237547,26
h26-12-14,大阪府,維新の党,877318.610,67719,945037.610,26
h26-12-14,大阪府,公明党,338605,,338605,26
h26-12-14,兵庫県,自由民主党,854782,,854782,26
h26-12-14,兵庫県,民主党,264639,,264639,26
h26-12-14,兵庫県,維新の党,323397,60337,383734,26
h26-12-14,兵庫県,公明党,172818,,172818,26
h26-12-14,奈良県,自由民主党,233249,96218,329467,26
h26-12-14,奈良県,民主党,121315,,121315,26
h26-12-14,奈良県,維新の党,,46556,46556,26
h26-12-14,奈良県,公明党,,,,26
h26-12-14,和歌山県,自由民主党,239361,,239361,26
h26-12-14,和歌山県,民主党,67740,,67740,26
h26-12-14,和歌山県,維新の党,39799,,39799,26
h26-12-14,和歌山県,公明党,,,,26
h26-12-14,鳥取県,自由民主党,169684,,169684,26
h26-12-14,鳥取県,民主党,49297,,49297,26
h26-12-14,鳥取県,維新の党,,,,26
h26-12-14,鳥取県,公明党,,,,26
h26-12-14,島根県,自由民主党,223960,,223960,26
h26-12-14,島根県,民主党,38346,,38346,26
h26-12-14,島根県,維新の党,,,,26
h26-12-14,島根県,公明党,,,,26
h26-12-14,岡山県,自由民主党,358653,57647,416300,26
h26-12-14,岡山県,民主党,132289,,132289,26
h26-12-14,岡山県,維新の党,56135,,56135,26
h26-12-14,岡山県,公明党,,,,26
h26-12-14,広島県,自由民主党,636843,,636843,26
h26-12-14,広島県,民主党,143783,40000,183783,26
h26-12-14,広島県,維新の党,,25452,25452,26
h26-12-14,広島県,公明党,,,,26
h26-12-14,山口県,自由民主党,410960.784,,410960.784,26
h26-12-14,山口県,民主党,87143,,87143,26
h26-12-14,山口県,維新の党,39375.213,,39375.213,26
h26-12-14,山口県,公明党,,,,26
h26-12-14,徳島県,自由民主党,178145,,178145,26
h26-12-14,徳島県,民主党,69188,,69188,26
h26-12-14,徳島県,維新の党,,,,26
h26-12-14,徳島県,公明党,,,,26
h26-12-14,香川県,自由民主党,207714,,207714,26
h26-12-14,香川県,民主党,144607,,144607,26
h26-12-14,香川県,維新の党,,,,26
h26-12-14,香川県,公明党,,,,26
h26-12-14,愛媛県,自由民主党,288951.292,,288951.292,26
h26-12-14,愛媛県,民主党,52602.705,74508,127110.705,26
h26-12-14,愛媛県,維新の党,22677,20222,42899,26
h26-12-14,愛媛県,公明党,,,,26
h26-12-14,高知県,自由民主党,162043,,162043,26
h26-12-14,高知県,民主党,80799,,80799,26
h26-12-14,高知県,維新の党,,,,26
h26-12-14,高知県,公明党,,,,26
h26-12-14,福岡県,自由民主党,1015132,,1015132,26
h26-12-14,福岡県,民主党,330770,65395,396165,26
h26-12-14,福岡県,維新の党,54663,,54663,26
h26-12-14,福岡県,公明党,,,,26
h26-12-14,佐賀県,自由民主党,197495,,197495,26
h26-12-14,佐賀県,民主党,168286,,168286,26
h26-12-14,佐賀県,維新の党,,,,26
h26-12-14,佐賀県,公明党,,,,26
h26-12-14,長崎県,自由民主党,306493,,306493,26
h26-12-14,長崎県,民主党,182832,,182832,26
h26-12-14,長崎県,維新の党,,,,26
h26-12-14,長崎県,公明党,,,,26
h26-12-14,熊本県,自由民主党,368682,,368682,26
h26-12-14,熊本県,民主党,,,,26
h26-12-14,熊本県,維新の党,73274,,73274,26
h26-12-14,熊本県,公明党,,,,26
h26-12-14,大分県,自由民主党,281127,,281127,26
h26-12-14,大分県,民主党,143282,,143282,26
h26-12-14,大分県,維新の党,,,,26
h26-12-14,大分県,公明党,,,,26
h26-12-14,宮崎県,自由民主党,309072,,309072,26
h26-12-14,宮崎県,民主党,23127,,23127,26
h26-12-14,宮崎県,維新の党,39394,,39394,26
h26-12-14,宮崎県,公明党,,,,26
h26-12-14,鹿児島県,自由民主党,404265.679,,404265.679,26
h26-12-14,鹿児島県,民主党,47315,,47315,26
h26-12-14,鹿児島県,維新の党,30133,,30133,26
h26-12-14,鹿児島県,公明党,,,,26
h26-12-14,沖縄県,自由民主党,171235,59491,230726,26
h26-12-14,沖縄県,民主党,,,,26
h26-12-14,沖縄県,維新の党,34328,,34328,26
h26-12-14,沖縄県,公明党,,,,26
h26-12-14,合計,自由民主党,23578847.922,1882601,25461448.922,26
h26-12-14,合計,民主党,10259925.274,1656924,11916849.274,26
h26-12-14,合計,維新の党,3929079.823,390566,4319645.823,26
h26-12-14,合計,公明党,765390,,765390,26
h26-12-14,北海道,日本共産党,266100,30271,296371,27
h26-12-14,北海道,次世代の党,,,,27
h26-12-14,北海道,社会民主党,,,,27
h26-12-14,北海道,生活の党,,,,27
h26-12-14,青森県,日本共産党,41416,10775,52191,27
h26-12-14,青森県,次世代の党,,,,27
h26-12-14,青森県,社会民主党,,,,27
h26-12-14,青森県,生活の党,,,,27
h26-12-14,岩手県,日本共産党,51038,15374,66412,27
h26-12-14,岩手県,次世代の党,,,,27
h26-12-14,岩手県,社会民主党,9052,,9052,27
h26-12-14,岩手県,生活の党,137302,,137302,27
h26-12-14,宮城県,日本共産党,74930,21630,96560,27
h26-12-14,宮城県,次世代の党,15228,,15228,27
h26-12-14,宮城県,社会民主党,11725,,11725,27
h26-12-14,宮城県,生活の党,,,,27
h26-12-14,秋田県,日本共産党,22826,14333,37159,27
h26-12-14,秋田県,次世代の党,,,,27
h26-12-14,秋田県,社会民主党,5441,,5441,27
h26-12-14,秋田県,生活の党,,,,27
h26-12-14,山形県,日本共産党,27371,11086,38457,27
h26-12-14,山形県,次世代の党,,,,27
h26-12-14,山形県,社会民主党,,,,27
h26-12-14,山形県,生活の党,,,,27
h26-12-14,福島県,日本共産党,37474.422,40024,77498.422,27
h26-12-14,福島県,次世代の党,,,,27
h26-12-14,福島県,社会民主党,10139,,10139,27
h26-12-14,福島県,生活の党,,,,27
h26-12-14,茨城県,日本共産党,65162,108816,173978,27
h26-12-14,茨城県,次世代の党,,,,27
h26-12-14,茨城県,社会民主党,,,,27
h26-12-14,茨城県,生活の党,,,,27
h26-12-14,栃木県,日本共産党,56946,35981,92927,27
h26-12-14,栃木県,次世代の党,,,,27
h26-12-14,栃木県,社会民主党,,,,27
h26-12-14,栃木県,生活の党,,,,27
h26-12-14,群馬県,日本共産党,100309,21394,121703,27
h26-12-14,群馬県,次世代の党,,,,27
h26-12-14,群馬県,社会民主党,23590,,23590,27
h26-12-14,群馬県,生活の党,,,,27
h26-12-14,埼玉県,日本共産党,264004,208597,472601,27
h26-12-14,埼玉県,次世代の党,88053,,88053,27
h26-12-14,埼玉県,社会民主党,8492,,8492,27
h26-12-14,埼玉県,生活の党,,,,27
h26-12-14,千葉県,日本共産党,271174,77572,348746,27
h26-12-14,千葉県,次世代の党,65756,,65756,27
h26-12-14,千葉県,社会民主党,14718,,14718,27
h26-12-14,千葉県,生活の党,69021,,69021,27
h26-12-14,東京都,日本共産党,685251.063,243053,928304.063,27
h26-12-14,東京都,次世代の党,183826,8688,192514,27
h26-12-14,東京都,社会民主党,,,,27
h26-12-14,東京都,生活の党,9663,40067,49730,27
h26-12-14,神奈川県,日本共産党,412988,96283,509271,27
h26-12-14,神奈川県,次世代の党,126682,,126682,27
h26-12-14,神奈川県,社会民主党,,,,27
h26-12-14,神奈川県,生活の党,43116,,43116,27
h26-12-14,新潟県,日本共産党,69635,12315,81950,27
h26-12-14,新潟県,次世代の党,,,,27
h26-12-14,新潟県,社会民主党,11801,,11801,27
h26-12-14,新潟県,生活の党,,47420,47420,27
h26-12-14,富山県,日本共産党,53071,,53071,27
h26-12-14,富山県,次世代の党,,,,27
h26-12-14,富山県,社会民主党,23350,,23350,27
h26-12-14,富山県,生活の党,,,,27
h26-12-14,石川県,日本共産党,45609,7726,53335,27
h26-12-14,石川県,次世代の党,,,,27
h26-12-14,石川県,社会民主党,,,,27
h26-12-14,石川県,生活の党,,,,27
h26-12-14,福井県,日本共産党,9941,15561,25502,27
h26-12-14,福井県,次世代の党,,,,27
h26-12-14,福井県,社会民主党,,,,27
h26-12-14,福井県,生活の党,,,,27
h26-12-14,山梨県,日本共産党,14578,29125,43703,27
h26-12-14,山梨県,次世代の党,,,,27
h26-12-14,山梨県,社会民主党,,,,27
h26-12-14,山梨県,生活の党,,,,27
h26-12-14,長野県,日本共産党,101924,27947,129871,27
h26-12-14,長野県,次世代の党,12888,,12888,27
h26-12-14,長野県,社会民主党,,,,27
h26-12-14,長野県,生活の党,,,,27
h26-12-14,岐阜県,日本共産党,91908,22647,114555,27
h26-12-14,岐阜県,次世代の党,,,,27
h26-12-14,岐阜県,社会民主党,,,,27
h26-12-14,岐阜県,生活の党,,,,27
h26-12-14,静岡県,日本共産党,84280,56660,140940,27
h26-12-14,静岡県,次世代の党,,,,27
h26-12-14,静岡県,社会民主党,,,,27
h26-12-14,静岡県,生活の党,,,,27
h26-12-14,愛知県,日本共産党,297774,32607,330381,27
h26-12-14,愛知県,次世代の党,23637,,23637,27
h26-12-14,愛知県,社会民主党,5076,,5076,27
h26-12-14,愛知県,生活の党,,,,27
h26-12-14,三重県,日本共産党,78741,21785,100526,27
h26-12-14,三重県,次世代の党,,,,27
h26-12-14,三重県,社会民主党,,,,27
h26-12-14,三重県,生活の党,,,,27
h26-12-14,滋賀県,日本共産党,49590,14163,63753,27
h26-12-14,滋賀県,次世代の党,,,,27
h26-12-14,滋賀県,社会民主党,,,,27
h26-12-14,滋賀県,生活の党,,,,27
h26-12-14,京都府,日本共産党,167410,26655,194065,27
h26-12-14,京都府,次世代の党,,,,27
h26-12-14,京都府,社会民主党,,,,27
h26-12-14,京都府,生活の党,,,,27
h26-12-14,大阪府,日本共産党,284242,319514,603756,27
h26-12-14,大阪府,次世代の党,104198.994,,104198.994,27
h26-12-14,大阪府,社会民主党,11286,,11286,27
h26-12-14,大阪府,生活の党,30792,,30792,27
h26-12-14,兵庫県,日本共産党,191750,152808,344558,27
h26-12-14,兵庫県,次世代の党,19343,24877,44220,27
h26-12-14,兵庫県,社会民主党,,,,27
h26-12-14,兵庫県,生活の党,,,,27
h26-12-14,奈良県,日本共産党,63761,12643,76404,27
h26-12-14,奈良県,次世代の党,,,,27
h26-12-14,奈良県,社会民主党,,,,27
h26-12-14,奈良県,生活の党,38781,,38781,27
h26-12-14,和歌山県,日本共産党,62702,,62702,27
h26-12-14,和歌山県,次世代の党,,,,27
h26-12-14,和歌山県,社会民主党,,,,27
h26-12-14,和歌山県,生活の党,,,,27
h26-12-14,鳥取県,日本共産党,33158,,33158,27
h26-12-14,鳥取県,次世代の党,,,,27
h26-12-14,鳥取県,社会民主党,,,,27
h26-12-14,鳥取県,生活の党,,,,27
h26-12-14,島根県,日本共産党,37958,,37958,27
h26-12-14,島根県,次世代の党,,,,27
h26-12-14,島根県,社会民主党,34558,,34558,27
h26-12-14,島根県,生活の党,,,,27
h26-12-14,岡山県,日本共産党,59976,30757,90733,27
h26-12-14,岡山県,次世代の党,73852,,73852,27
h26-12-14,岡山県,社会民主党,,,,27
h26-12-14,岡山県,生活の党,,,,27
h26-12-14,広島県,日本共産党,116087,16514,132601,27
h26-12-14,広島県,次世代の党,51149,,51149,27
h26-12-14,広島県,社会民主党,,,,27
h26-12-14,広島県,生活の党,,,,27
h26-12-14,山口県,日本共産党,42291,16890,59181,27
h26-12-14,山口県,次世代の党,,,,27
h26-12-14,山口県,社会民主党,,,,27
h26-12-14,山口県,生活の党,,,,27
h26-12-14,徳島県,日本共産党,45772,,45772,27
h26-12-14,徳島県,次世代の党,,,,27
h26-12-14,徳島県,社会民主党,,,,27
h26-12-14,徳島県,生活の党,,,,27
h26-12-14,香川県,日本共産党,24561,,24561,27
h26-12-14,香川県,次世代の党,,,,27
h26-12-14,香川県,社会民主党,25899,,25899,27
h26-12-14,香川県,生活の党,,,,27
h26-12-14,愛媛県,日本共産党,36348,,36348,27
h26-12-14,愛媛県,次世代の党,47637,,47637,27
h26-12-14,愛媛県,社会民主党,,,,27
h26-12-14,愛媛県,生活の党,,,,27
h26-12-14,高知県,日本共産党,60607,,60607,27
h26-12-14,高知県,次世代の党,,,,27
h26-12-14,高知県,社会民主党,,,,27
h26-12-14,高知県,生活の党,,,,27
h26-12-14,福岡県,日本共産党,166252,142939,309191,27
h26-12-14,福岡県,次世代の党,,,,27
h26-12-14,福岡県,社会民主党,24138,,24138,27
h26-12-14,福岡県,生活の党,,,,27
h26-12-14,佐賀県,日本共産党,11483,8812,20295,27
h26-12-14,佐賀県,次世代の党,,,,27
h26-12-14,佐賀県,社会民主党,,,,27
h26-12-14,佐賀県,生活の党,,,,27
h26-12-14,長崎県,日本共産党,66064,,66064,27
h26-12-14,長崎県,次世代の党,,,,27
h26-12-14,長崎県,社会民主党,,,,27
h26-12-14,長崎県,生活の党,9303,,9303,27
h26-12-14,熊本県,日本共産党,59477,66750,126227,27
h26-12-14,熊本県,次世代の党,101581,,101581,27
h26-12-14,熊本県,社会民主党,26245,,26245,27
h26-12-14,熊本県,生活の党,,,,27
h26-12-14,大分県,日本共産党,48677,,48677,27
h26-12-14,大分県,次世代の党,,,,27
h26-12-14,大分県,社会民主党,59775,,59775,27
h26-12-14,大分県,生活の党,,,,27
h26-12-14,宮崎県,日本共産党,73311,,73311,27
h26-12-14,宮崎県,次世代の党,,,,27
h26-12-14,宮崎県,社会民主党,,,,27
h26-12-14,宮崎県,生活の党,,,,27
h26-12-14,鹿児島県,日本共産党,86300.308,,86300.308,27
h26-12-14,鹿児島県,次世代の党,,,,27
h26-12-14,鹿児島県,社会民主党,28281,,28281,27
h26-12-14,鹿児島県,生活の党,,,,27
h26-12-14,沖縄県,日本共産党,57935,,57935,27
h26-12-14,沖縄県,次世代の党,,,,27
h26-12-14,沖縄県,社会民主党,85781,,85781,27
h26-12-14,沖縄県,生活の党,89110,,89110,27
h26-12-14,合計,日本共産党,5070162.793,1970007,7040169.793,27
h26-12-14,合計,次世代の党,913830.994,33565,947395.994,27
h26-12-14,合計,社会民主党,419347,,419347,27
h26-12-14,合計,生活の党,427088,87487,514575,27
h26-12-14,北海道,諸派,,,,28
h26-12-14,北海道,無所属,13444,46922,60366,28
h26-12-14,北海道,__TOTAL__,2188941,298402,2487343,28
h26-12-14,青森県,諸派,,,,28
h26-12-14,青森県,無所属,,,,28
h26-12-14,青森県,__TOTAL__,427307,88199,515506,28
h26-12-14,岩手県,諸派,,,,28
h26-12-14,岩手県,無所属,,,,28
h26-12-14,岩手県,__TOTAL__,532168,61783,593951,28
h26-12-14,宮城県,諸派,,,,28
h26-12-14,宮城県,無所属,,,,28
h26-12-14,宮城県,__TOTAL__,741415,170782,912197,28
h26-12-14,秋田県,諸派,,,,28
h26-12-14,秋田県,無所属,,,,28
h26-12-14,秋田県,__TOTAL__,473763,14333,488096,28
h26-12-14,山形県,諸派,,,,28
h26-12-14,山形県,無所属,79703,,79703,28
h26-12-14,山形県,__TOTAL__,455927,90958,546885,28
h26-12-14,福島県,諸派,,,,28
h26-12-14,福島県,無所属,,,,28
h26-12-14,福島県,__TOTAL__,688682.991,137667,826349.991,28
h26-12-14,茨城県,諸派,,,,28
h26-12-14,茨城県,無所属,90267,,90267,28
h26-12-14,茨城県,__TOTAL__,1111803,174454,1286257,28
h26-12-14,栃木県,諸派,,,,28
h26-12-14,栃木県,無所属,51627,,51627,28
h26-12-14,栃木県,__TOTAL__,747521,35981,783502,28
h26-12-14,群馬県,諸派,,,,28
h26-12-14,群馬県,無所属,54530,,54530,28
h26-12-14,群馬県,__TOTAL__,663270,135852,799122,28
h26-12-14,埼玉県,諸派,,,,28
h26-12-14,埼玉県,無所属,100636,,100636,28
h26-12-14,埼玉県,__TOTAL__,2504211,461007,2965218,28
h26-12-14,千葉県,諸派,,,,28
h26-12-14,千葉県,無所属,24921,,24921,28
h26-12-14,千葉県,__TOTAL__,2326772,176895,2503667,28
h26-12-14,東京都,諸派,1416,4668,6084,28
h26-12-14,東京都,無所属,94163,15447.152,109610.152,28
h26-12-14,東京都,__TOTAL__,4735534.839,946182.152,5681716.991,28
h26-12-14,神奈川県,諸派,,,,28
h26-12-14,神奈川県,無所属,146907,27188,174095,28
h26-12-14,神奈川県,__TOTAL__,3531197,324620,3855817,28
h26-12-14,新潟県,諸派,,,,28
h26-12-14,新潟県,無所属,,,,28
h26-12-14,新潟県,__TOTAL__,699686,295518,995204,28
h26-12-14,富山県,諸派,,,,28
h26-12-14,富山県,無所属,,,,28
h26-12-14,富山県,__TOTAL__,407644,,407644,28
h26-12-14,石川県,諸派,,,,28
h26-12-14,石川県,無所属,5075,,5075,28
h26-12-14,石川県,__TOTAL__,374013,67316,441329,28
h26-12-14,福井県,諸派,,,,28
h26-12-14,福井県,無所属,,,,28
h26-12-14,福井県,__TOTAL__,182861,132416,315277,28
h26-12-14,山梨県,諸派,,,,28
h26-12-14,山梨県,無所属,85117,,85117,28
h26-12-14,山梨県,__TOTAL__,201806,198260,400066,28
h26-12-14,長野県,諸派,,,,28
h26-12-14,長野県,無所属,,,,28
h26-12-14,長野県,__TOTAL__,915462,27947,943409,28
h26-12-14,岐阜県,諸派,,,,28
h26-12-14,岐阜県,無所属,,,,28
h26-12-14,岐阜県,__TOTAL__,712496,143483,855979,28
h26-12-14,静岡県,諸派,,,,28
h26-12-14,静岡県,無所属,15671,,15671,28
h26-12-14,静岡県,__TOTAL__,1513994,146204,1660198,28
h26-12-14,愛知県,諸派,18343,14416,32759,28
h26-12-14,愛知県,無所属,45702,,45702,28
h26-12-14,愛知県,__TOTAL__,2901797,204169,3105966,28
h26-12-14,三重県,諸派,,,,28
h26-12-14,三重県,無所属,,,,28
h26-12-14,三重県,__TOTAL__,792649,21785,814434,28
h26-12-14,滋賀県,諸派,,,,28
h26-12-14,滋賀県,無所属,,,,28
h26-12-14,滋賀県,__TOTAL__,530041,60756,590797,28
h26-12-14,京都府,諸派,,,,28
h26-12-14,京都府,無所属,18267,,18267,28
h26-12-14,京都府,__TOTAL__,946233,92008,1038241,28
h26-12-14,大阪府,諸派,,,,28
h26-12-14,大阪府,無所属,37477,,37477,28
h26-12-14,大阪府,__TOTAL__,2828637.995,603998,3432635.995,28
h26-12-14,兵庫県,諸派,,,,28
h26-12-14,兵庫県,無所属,120318,28161,148479,28
h26-12-14,兵庫県,__TOTAL__,1947047,266183,2213230,28
h26-12-14,奈良県,諸派,,,,28
h26-12-14,奈良県,無所属,,,,28
h26-12-14,奈良県,__TOTAL__,457106,155417,612523,28
h26-12-14,和歌山県,諸派,,,,28
h26-12-14,和歌山県,無所属,,,,28
h26-12-14,和歌山県,__TOTAL__,409602,,409602,28
h26-12-14,鳥取県,諸派,,,,28
h26-12-14,鳥取県,無所属,,,,28
h26-12-14,鳥取県,__TOTAL__,252139,,252139,28
h26-12-14,島根県,諸派,,,,28
h26-12-14,島根県,無所属,,,,28
h26-12-14,島根県,__TOTAL__,334822,,334822,28
h26-12-14,岡山県,諸派,,,,28
h26-12-14,岡山県,無所属,,,,28
h26-12-14,岡山県,__TOTAL__,680905,88404,769309,28
h26-12-14,広島県,諸派,,,,28
h26-12-14,広島県,無所属,89756,,89756,28
h26-12-14,広島県,__TOTAL__,1037618,81966,1119584,28
h26-12-14,山口県,諸派,,,,28
h26-12-14,山口県,無所属,,14018,14018,28
h26-12-14,山口県,__TOTAL__,579769.997,30908,610677.997,28
h26-12-14,徳島県,諸派,,,,28
h26-12-14,徳島県,無所属,,,,28
h26-12-14,徳島県,__TOTAL__,293105,,293105,28
h26-12-14,香川県,諸派,,,,28
h26-12-14,香川県,無所属,,,,28
h26-12-14,香川県,__TOTAL__,402781,,402781,28
h26-12-14,愛媛県,諸派,,,,28
h26-12-14,愛媛県,無所属,30277,,30277,28
h26-12-14,愛媛県,__TOTAL__,478492.997,94730,573222.997,28
h26-12-14,高知県,諸派,,,,28
h26-12-14,高知県,無所属,3505,,3505,28
h26-12-14,高知県,__TOTAL__,306954,,306954,28
h26-12-14,福岡県,諸派,4883,,4883,28
h26-12-14,福岡県,無所属,112881,6764,119645,28
h26-12-14,福岡県,__TOTAL__,1708719,215098,1923817,28
h26-12-14,佐賀県,諸派,,,,28
h26-12-14,佐賀県,無所属,,,,28
h26-12-14,佐賀県,__TOTAL__,377264,8812,386076,28
h26-12-14,長崎県,諸派,,,,28
h26-12-14,長崎県,無所属,2268,,2268,28
h26-12-14,長崎県,__TOTAL__,566960,,566960,28
h26-12-14,熊本県,諸派,,,,28
h26-12-14,熊本県,無所属,,,,28
h26-12-14,熊本県,__TOTAL__,629259,66750,696009,28
h26-12-14,大分県,諸派,,,,28
h26-12-14,大分県,無所属,,,,28
h26-12-14,大分県,__TOTAL__,532861,,532861,28
h26-12-14,宮崎県,諸派,,,,28
h26-12-14,宮崎県,無所属,,,,28
h26-12-14,宮崎県,__TOTAL__,444904,,444904,28
h26-12-14,鹿児島県,諸派,,,,28
h26-12-14,鹿児島県,無所属,79003,,79003,28
h26-12-14,鹿児島県,__TOTAL__,675297.987,,675297.987,28
h26-12-14,沖縄県,諸派,,,,28
h26-12-14,沖縄県,無所属,71227,,71227,28
h26-12-14,沖縄県,__TOTAL__,509616,59491,569107,28
h26-12-14,合計,諸派,24642,19084,43726,28
h26-12-14,合計,無所属,1372742,138500.152,1511242.152,28
h26-12-14,合計,__TOTAL__,46761055.806,6178734.152,52939789.958,28
